order_id,date,region,category,unit_price,quantity,discount,revenue
ORD-0001,2023-01-01 00:00:00.000000,West,Furniture,398.08,7,0.15,2368.58
ORD-0002,2023-01-01 08:44:41.081081,West,Sports,15.3,1,0.0,15.3
ORD-0003,2023-01-01 17:29:22.162162,West,Food & Beverage,13.18,8,0.1,94.9
ORD-0004,2023-01-02 02:14:03.243243,West,Sports,73.18,3,0.05,208.56
ORD-0005,2023-01-02 10:58:44.324324,West,Sports,223.05,6,0.0,1338.3
ORD-0006,2023-01-02 19:43:25.405405,North,Clothing,138.57,9,0.15,1060.06
ORD-0007,2023-01-03 04:28:06.486486,West,Food & Beverage,36.01,6,0.2,172.85
ORD-0008,2023-01-03 13:12:47.567567,North,Food & Beverage,6.22,9,0.0,55.98
ORD-0009,2023-01-03 21:57:28.648648,West,Food & Beverage,18.61,7,0.0,130.27
ORD-0010,2023-01-04 06:42:09.729729,East,Sports,16.7,9,0.0,150.3
ORD-0011,2023-01-04 15:26:50.810810,South,Furniture,162.44,2,0.05,308.64
ORD-0012,2023-01-05 00:11:31.891891,North,Food & Beverage,21.7,8,0.1,156.24
ORD-0013,2023-01-05 08:56:12.972972,West,Sports,15.75,8,0.0,126.0
ORD-0014,2023-01-05 17:40:54.054054,East,Clothing,47.78,2,0.0,95.56
ORD-0015,2023-01-06 02:25:35.135135,South,Furniture,403.94,4,0.0,1615.76
ORD-0016,2023-01-06 11:10:16.216216,North,Clothing,113.54,7,0.05,755.04
ORD-0017,2023-01-06 19:54:57.297297,South,Furniture,163.45,4,0.2,523.04
ORD-0018,2023-01-07 04:39:38.378378,East,Sports,180.07,4,0.2,576.22
ORD-0019,2023-01-07 13:24:19.459459,North,Electronics,1223.67,6,0.15,6240.72
ORD-0020,2023-01-07 22:09:00.540540,South,Furniture,43.64,6,0.0,261.84
ORD-0021,2023-01-08 06:53:41.621621,West,Clothing,163.11,3,0.05,464.86
ORD-0022,2023-01-08 15:38:22.702702,North,Sports,211.86,9,0.05,1811.4
ORD-0023,2023-01-09 00:23:03.783783,South,Furniture,230.54,2,0.0,461.08
ORD-0024,2023-01-09 09:07:44.864864,East,Electronics,275.45,6,0.2,1322.16
ORD-0025,2023-01-09 17:52:25.945945,East,Electronics,1437.96,7,0.2,8052.58
ORD-0026,2023-01-10 02:37:07.027027,North,Food & Beverage,15.45,9,0.2,111.24
ORD-0027,2023-01-10 11:21:48.108108,South,Food & Beverage,6.43,3,0.0,19.29
ORD-0028,2023-01-10 20:06:29.189189,North,Clothing,28.38,3,0.05,80.88
ORD-0029,2023-01-11 04:51:10.270270,North,Furniture,514.6,7,0.0,3602.2
ORD-0030,2023-01-11 13:35:51.351351,South,Furniture,378.09,4,0.0,1512.36
ORD-0031,2023-01-11 22:20:32.432432,South,Food & Beverage,32.86,8,0.2,210.3
ORD-0032,2023-01-12 07:05:13.513513,West,Furniture,448.65,7,0.15,2669.47
ORD-0033,2023-01-12 15:49:54.594594,South,Furniture,340.29,5,0.2,1361.16
ORD-0034,2023-01-13 00:34:35.675675,East,Electronics,1461.02,7,0.2,8181.71
ORD-0035,2023-01-13 09:19:16.756756,North,Food & Beverage,17.01,3,0.1,45.93
ORD-0036,2023-01-13 18:03:57.837837,North,Sports,169.2,2,0.0,338.4
ORD-0037,2023-01-14 02:48:38.918918,East,Food & Beverage,33.69,6,0.0,202.14
ORD-0038,2023-01-14 11:33:20.000000,South,Sports,188.61,2,0.1,339.5
ORD-0039,2023-01-14 20:18:01.081081,East,Electronics,1299.48,3,0.1,3508.6
ORD-0040,2023-01-15 05:02:42.162162,East,Clothing,119.7,6,0.15,610.47
ORD-0041,2023-01-15 13:47:23.243243,West,Furniture,434.56,5,0.05,2064.16
ORD-0042,2023-01-15 22:32:04.324324,East,Electronics,116.45,8,0.15,791.86
ORD-0043,2023-01-16 07:16:45.405405,North,Furniture,167.62,9,0.05,1433.15
ORD-0044,2023-01-16 16:01:26.486486,East,Clothing,64.98,3,0.05,185.19
ORD-0045,2023-01-17 00:46:07.567567,North,Clothing,25.16,3,0.0,75.48
ORD-0046,2023-01-17 09:30:48.648648,North,Electronics,387.55,3,0.2,930.12
ORD-0047,2023-01-17 18:15:29.729729,North,Clothing,29.19,6,0.0,175.14
ORD-0048,2023-01-18 03:00:10.810810,South,Sports,89.17,1,0.0,89.17
ORD-0049,2023-01-18 11:44:51.891891,West,Clothing,130.78,7,0.05,869.69
ORD-0050,2023-01-18 20:29:32.972972,North,Furniture,244.31,1,0.1,219.88
ORD-0051,2023-01-19 05:14:14.054054,North,Furniture,247.3,5,0.2,989.2
ORD-0052,2023-01-19 13:58:55.135135,South,Furniture,157.32,8,0.0,1258.56
ORD-0053,2023-01-19 22:43:36.216216,North,Furniture,189.51,4,0.0,758.04
ORD-0054,2023-01-20 07:28:17.297297,East,Sports,281.5,5,0.0,1407.5
ORD-0055,2023-01-20 16:12:58.378378,East,Food & Beverage,26.98,4,0.15,91.73
ORD-0056,2023-01-21 00:57:39.459459,West,Electronics,933.24,4,0.0,3732.96
ORD-0057,2023-01-21 09:42:20.540540,North,Furniture,135.84,8,0.0,1086.72
ORD-0058,2023-01-21 18:27:01.621621,South,Clothing,148.53,2,0.2,237.65
ORD-0059,2023-01-22 03:11:42.702702,East,Furniture,131.51,1,0.0,131.51
ORD-0060,2023-01-22 11:56:23.783783,South,Clothing,82.1,3,0.0,246.3
ORD-0061,2023-01-22 20:41:04.864864,South,Clothing,198.01,9,0.0,1782.09
ORD-0062,2023-01-23 05:25:45.945945,East,Furniture,398.4,4,0.15,1354.56
ORD-0063,2023-01-23 14:10:27.027027,South,Sports,170.63,5,0.15,725.18
ORD-0064,2023-01-23 22:55:08.108108,East,Clothing,140.08,2,0.15,238.14
ORD-0065,2023-01-24 07:39:49.189189,South,Clothing,170.14,4,0.05,646.53
ORD-0066,2023-01-24 16:24:30.270270,East,Furniture,474.56,2,0.1,854.21
ORD-0067,2023-01-25 01:09:11.351351,North,Clothing,53.52,2,0.15,90.98
ORD-0068,2023-01-25 09:53:52.432432,West,Clothing,16.1,4,0.0,64.4
ORD-0069,2023-01-25 18:38:33.513513,East,Furniture,216.65,6,0.0,1299.9
ORD-0070,2023-01-26 03:23:14.594594,East,Furniture,189.93,7,0.15,1130.08
ORD-0071,2023-01-26 12:07:55.675675,West,Electronics,355.93,3,0.2,854.23
ORD-0072,2023-01-26 20:52:36.756756,East,Sports,283.33,3,0.15,722.49
ORD-0073,2023-01-27 05:37:17.837837,East,Sports,263.9,6,0.0,1583.4
ORD-0074,2023-01-27 14:21:58.918918,South,Clothing,69.79,3,0.05,198.9
ORD-0075,2023-01-27 23:06:40.000000,West,Sports,199.39,2,0.0,398.78
ORD-0076,2023-01-28 07:51:21.081081,North,Clothing,85.17,8,0.0,681.36
ORD-0077,2023-01-28 16:36:02.162162,East,Electronics,1376.09,5,0.15,5848.38
ORD-0078,2023-01-29 01:20:43.243243,West,Furniture,296.96,1,0.0,296.96
ORD-0079,2023-01-29 10:05:24.324324,South,Furniture,188.33,3,0.15,480.24
ORD-0080,2023-01-29 18:50:05.405405,North,Furniture,178.11,8,0.2,1139.9
ORD-0081,2023-01-30 03:34:46.486486,West,Sports,171.92,4,0.15,584.53
ORD-0082,2023-01-30 12:19:27.567567,North,Electronics,430.98,7,0.0,3016.86
ORD-0083,2023-01-30 21:04:08.648648,North,Sports,178.7,2,0.0,357.4
ORD-0084,2023-01-31 05:48:49.729729,North,Sports,270.16,7,0.15,1607.45
ORD-0085,2023-01-31 14:33:30.810810,East,Electronics,629.13,5,0.0,3145.65
ORD-0086,2023-01-31 23:18:11.891891,East,Electronics,368.02,5,0.0,1840.1
ORD-0087,2023-02-01 08:02:52.972972,South,Electronics,1496.43,6,0.0,8978.58
ORD-0088,2023-02-01 16:47:34.054054,South,Electronics,788.81,9,0.0,7099.29
ORD-0089,2023-02-02 01:32:15.135135,West,Furniture,90.91,6,0.0,545.46
ORD-0090,2023-02-02 10:16:56.216216,South,Food & Beverage,4.74,8,0.05,36.02
ORD-0091,2023-02-02 19:01:37.297297,North,Food & Beverage,7.06,7,0.05,46.95
ORD-0092,2023-02-03 03:46:18.378378,North,Electronics,959.8,9,0.1,7774.38
ORD-0093,2023-02-03 12:30:59.459459,East,Food & Beverage,32.31,4,0.2,103.39
ORD-0094,2023-02-03 21:15:40.540540,North,Food & Beverage,18.62,2,0.15,31.65
ORD-0095,2023-02-04 06:00:21.621621,West,Electronics,142.12,7,0.2,795.87
ORD-0096,2023-02-04 14:45:02.702702,North,Food & Beverage,17.12,6,0.0,102.72
ORD-0097,2023-02-04 23:29:43.783783,North,Sports,298.87,1,0.0,298.87
ORD-0098,2023-02-05 08:14:24.864864,West,Clothing,110.53,9,0.05,945.03
ORD-0099,2023-02-05 16:59:05.945945,South,Clothing,194.5,9,0.2,1400.4
ORD-0100,2023-02-06 01:43:47.027027,South,Electronics,1298.13,2,0.0,2596.26
ORD-0101,2023-02-06 10:28:28.108108,West,Furniture,46.43,3,0.05,132.33
ORD-0102,2023-02-06 19:13:09.189189,East,Electronics,1095.05,5,0.0,5475.25
ORD-0103,2023-02-07 03:57:50.270270,North,Furniture,421.76,5,0.2,1687.04
ORD-0104,2023-02-07 12:42:31.351351,West,Clothing,112.02,1,0.05,106.42
ORD-0105,2023-02-07 21:27:12.432432,North,Electronics,436.9,8,0.15,2970.92
ORD-0106,2023-02-08 06:11:53.513513,East,Sports,195.16,8,0.15,1327.09
ORD-0107,2023-02-08 14:56:34.594594,North,Food & Beverage,7.13,4,0.1,25.67
ORD-0108,2023-02-08 23:41:15.675675,West,Furniture,283.47,7,0.1,1785.86
ORD-0109,2023-02-09 08:25:56.756756,North,Food & Beverage,19.79,3,0.05,56.4
ORD-0110,2023-02-09 17:10:37.837837,South,Food & Beverage,38.29,6,0.0,229.74
ORD-0111,2023-02-10 01:55:18.918918,East,Electronics,1319.99,9,0.15,10097.92
ORD-0112,2023-02-10 10:40:00.000000,East,Food & Beverage,12.75,1,0.0,12.75
ORD-0113,2023-02-10 19:24:41.081081,East,Sports,154.17,5,0.0,770.85
ORD-0114,2023-02-11 04:09:22.162162,West,Food & Beverage,9.61,4,0.05,36.52
ORD-0115,2023-02-11 12:54:03.243243,East,Electronics,1373.31,8,0.0,10986.48
ORD-0116,2023-02-11 21:38:44.324324,South,Sports,262.19,1,0.15,222.86
ORD-0117,2023-02-12 06:23:25.405405,West,Clothing,66.7,9,0.0,600.3
ORD-0118,2023-02-12 15:08:06.486486,South,Food & Beverage,26.64,6,0.1,143.86
ORD-0119,2023-02-12 23:52:47.567567,North,Electronics,933.01,4,0.0,3732.04
ORD-0120,2023-02-13 08:37:28.648648,North,Clothing,39.04,9,0.0,351.36
ORD-0121,2023-02-13 17:22:09.729729,North,Clothing,154.88,5,0.0,774.4
ORD-0122,2023-02-14 02:06:50.810810,North,Furniture,342.05,5,0.15,1453.71
ORD-0123,2023-02-14 10:51:31.891891,South,Sports,235.36,5,0.15,1000.28
ORD-0124,2023-02-14 19:36:12.972972,West,Food & Beverage,22.62,1,0.0,22.62
ORD-0125,2023-02-15 04:20:54.054054,West,Electronics,50.83,1,0.05,48.29
ORD-0126,2023-02-15 13:05:35.135135,East,Furniture,221.53,8,0.0,1772.24
ORD-0127,2023-02-15 21:50:16.216216,South,Sports,13.69,8,0.05,104.04
ORD-0128,2023-02-16 06:34:57.297297,North,Furniture,560.3,6,0.05,3193.71
ORD-0129,2023-02-16 15:19:38.378378,South,Sports,264.59,4,0.0,1058.36
ORD-0130,2023-02-17 00:04:19.459459,East,Sports,250.85,2,0.0,501.7
ORD-0131,2023-02-17 08:49:00.540540,East,Food & Beverage,14.38,2,0.1,25.88
ORD-0132,2023-02-17 17:33:41.621621,South,Sports,24.91,9,0.15,190.56
ORD-0133,2023-02-18 02:18:22.702702,South,Furniture,531.69,5,0.15,2259.68
ORD-0134,2023-02-18 11:03:03.783783,South,Sports,284.51,4,0.0,1138.04
ORD-0135,2023-02-18 19:47:44.864864,West,Food & Beverage,6.17,1,0.2,4.94
ORD-0136,2023-02-19 04:32:25.945945,North,Food & Beverage,20.98,7,0.2,117.49
ORD-0137,2023-02-19 13:17:07.027027,South,Furniture,78.76,3,0.2,189.02
ORD-0138,2023-02-19 22:01:48.108108,South,Clothing,154.51,6,0.1,834.35
ORD-0139,2023-02-20 06:46:29.189189,South,Clothing,155.51,5,0.15,660.92
ORD-0140,2023-02-20 15:31:10.270270,East,Sports,45.49,5,0.0,227.45
ORD-0141,2023-02-21 00:15:51.351351,East,Electronics,739.16,5,0.15,3141.43
ORD-0142,2023-02-21 09:00:32.432432,West,Sports,168.54,1,0.05,160.11
ORD-0143,2023-02-21 17:45:13.513513,North,Furniture,188.43,1,0.0,188.43
ORD-0144,2023-02-22 02:29:54.594594,West,Furniture,528.56,3,0.0,1585.68
ORD-0145,2023-02-22 11:14:35.675675,North,Furniture,276.96,4,0.15,941.66
ORD-0146,2023-02-22 19:59:16.756756,East,Furniture,158.61,5,0.0,793.05
ORD-0147,2023-02-23 04:43:57.837837,East,Furniture,342.01,2,0.1,615.62
ORD-0148,2023-02-23 13:28:38.918918,East,Food & Beverage,30.01,8,0.2,192.06
ORD-0149,2023-02-23 22:13:20.000000,West,Clothing,48.22,2,0.1,86.8
ORD-0150,2023-02-24 06:58:01.081081,South,Furniture,214.56,9,0.1,1737.94
ORD-0151,2023-02-24 15:42:42.162162,South,Electronics,1492.97,2,0.05,2836.64
ORD-0152,2023-02-25 00:27:23.243243,East,Electronics,992.32,9,0.1,8037.79
ORD-0153,2023-02-25 09:12:04.324324,South,Electronics,685.25,7,0.0,4796.75
ORD-0154,2023-02-25 17:56:45.405405,South,Electronics,800.48,8,0.05,6083.65
ORD-0155,2023-02-26 02:41:26.486486,West,Food & Beverage,7.48,2,0.0,14.96
ORD-0156,2023-02-26 11:26:07.567567,North,Electronics,375.81,7,0.1,2367.6
ORD-0157,2023-02-26 20:10:48.648648,East,Furniture,229.33,6,0.1,1238.38
ORD-0158,2023-02-27 04:55:29.729729,East,Sports,179.79,4,0.0,719.16
ORD-0159,2023-02-27 13:40:10.810810,West,Electronics,383.67,7,0.1,2417.12
ORD-0160,2023-02-27 22:24:51.891891,West,Food & Beverage,11.15,4,0.0,44.6
ORD-0161,2023-02-28 07:09:32.972972,South,Food & Beverage,5.63,2,0.05,10.7
ORD-0162,2023-02-28 15:54:14.054054,East,Electronics,965.1,7,0.0,6755.7
ORD-0163,2023-03-01 00:38:55.135135,North,Sports,74.85,8,0.0,598.8
ORD-0164,2023-03-01 09:23:36.216216,West,Electronics,1362.86,2,0.0,2725.72
ORD-0165,2023-03-01 18:08:17.297297,North,Food & Beverage,34.81,5,0.0,174.05
ORD-0166,2023-03-02 02:52:58.378378,North,Clothing,23.46,1,0.1,21.11
ORD-0167,2023-03-02 11:37:39.459459,East,Furniture,173.28,7,0.2,970.37
ORD-0168,2023-03-02 20:22:20.540540,East,Food & Beverage,27.75,8,0.2,177.6
ORD-0169,2023-03-03 05:07:01.621621,West,Electronics,360.64,6,0.05,2055.65
ORD-0170,2023-03-03 13:51:42.702702,East,Furniture,114.09,5,0.15,484.88
ORD-0171,2023-03-03 22:36:23.783783,East,Electronics,1406.5,6,0.05,8017.05
ORD-0172,2023-03-04 07:21:04.864864,East,Electronics,878.01,2,0.15,1492.62
ORD-0173,2023-03-04 16:05:45.945945,North,Clothing,99.81,1,0.2,79.85
ORD-0174,2023-03-05 00:50:27.027027,West,Furniture,479.39,7,0.2,2684.58
ORD-0175,2023-03-05 09:35:08.108108,South,Furniture,492.2,7,0.0,3445.4
ORD-0176,2023-03-05 18:19:49.189189,North,Clothing,46.18,2,0.0,92.36
ORD-0177,2023-03-06 03:04:30.270270,East,Food & Beverage,6.59,2,0.0,13.18
ORD-0178,2023-03-06 11:49:11.351351,North,Electronics,675.02,1,0.05,641.27
ORD-0179,2023-03-06 20:33:52.432432,East,Sports,131.68,8,0.1,948.1
ORD-0180,2023-03-07 05:18:33.513513,East,Electronics,727.19,8,0.15,4944.89
ORD-0181,2023-03-07 14:03:14.594594,North,Electronics,1107.16,1,0.1,996.44
ORD-0182,2023-03-07 22:47:55.675675,West,Food & Beverage,27.91,8,0.0,223.28
ORD-0183,2023-03-08 07:32:36.756756,East,Electronics,1477.04,9,0.15,11299.36
ORD-0184,2023-03-08 16:17:17.837837,West,Clothing,28.7,4,0.05,109.06
ORD-0185,2023-03-09 01:01:58.918918,South,Clothing,86.5,1,0.0,86.5
ORD-0186,2023-03-09 09:46:40.000000,East,Furniture,230.01,1,0.1,207.01
ORD-0187,2023-03-09 18:31:21.081081,West,Sports,259.61,3,0.0,778.83
ORD-0188,2023-03-10 03:16:02.162162,West,Electronics,410.55,5,0.05,1950.11
ORD-0189,2023-03-10 12:00:43.243243,South,Electronics,325.8,5,0.2,1303.2
ORD-0190,2023-03-10 20:45:24.324324,West,Food & Beverage,19.6,9,0.2,141.12
ORD-0191,2023-03-11 05:30:05.405405,West,Clothing,90.16,2,0.05,171.3
ORD-0192,2023-03-11 14:14:46.486486,South,Sports,89.34,2,0.05,169.75
ORD-0193,2023-03-11 22:59:27.567567,East,Furniture,179.89,6,0.05,1025.37
ORD-0194,2023-03-12 07:44:08.648648,West,Clothing,185.42,9,0.15,1418.46
ORD-0195,2023-03-12 16:28:49.729729,West,Furniture,288.15,1,0.05,273.74
ORD-0196,2023-03-13 01:13:30.810810,West,Food & Beverage,34.87,9,0.1,282.45
ORD-0197,2023-03-13 09:58:11.891891,North,Food & Beverage,23.36,9,0.0,210.24
ORD-0198,2023-03-13 18:42:52.972972,South,Electronics,123.35,9,0.15,943.63
ORD-0199,2023-03-14 03:27:34.054054,North,Sports,299.79,5,0.05,1424.0
ORD-0200,2023-03-14 12:12:15.135135,South,Furniture,508.18,9,0.0,4573.62
ORD-0201,2023-03-14 20:56:56.216216,East,Clothing,194.11,4,0.0,776.44
ORD-0202,2023-03-15 05:41:37.297297,East,Food & Beverage,37.28,2,0.0,74.56
ORD-0203,2023-03-15 14:26:18.378378,West,Electronics,1280.61,6,0.2,6146.93
ORD-0204,2023-03-15 23:10:59.459459,South,Electronics,291.15,4,0.0,1164.6
ORD-0205,2023-03-16 07:55:40.540540,East,Furniture,311.96,6,0.0,1871.76
ORD-0206,2023-03-16 16:40:21.621621,South,Food & Beverage,10.91,3,0.2,26.18
ORD-0207,2023-03-17 01:25:02.702702,East,Sports,125.1,6,0.15,638.01
ORD-0208,2023-03-17 10:09:43.783783,North,Food & Beverage,5.17,2,0.15,8.79
ORD-0209,2023-03-17 18:54:24.864864,East,Furniture,252.22,2,0.15,428.77
ORD-0210,2023-03-18 03:39:05.945945,North,Furniture,591.77,9,0.0,5325.93
ORD-0211,2023-03-18 12:23:47.027027,East,Food & Beverage,12.81,7,0.0,89.67
ORD-0212,2023-03-18 21:08:28.108108,West,Furniture,479.08,3,0.0,1437.24
ORD-0213,2023-03-19 05:53:09.189189,North,Food & Beverage,19.84,1,0.1,17.86
ORD-0214,2023-03-19 14:37:50.270270,East,Clothing,90.37,8,0.05,686.81
ORD-0215,2023-03-19 23:22:31.351351,West,Food & Beverage,38.42,6,0.15,195.94
ORD-0216,2023-03-20 08:07:12.432432,North,Food & Beverage,39.83,7,0.0,278.81
ORD-0217,2023-03-20 16:51:53.513513,West,Furniture,351.23,9,0.0,3161.07
ORD-0218,2023-03-21 01:36:34.594594,South,Furniture,442.31,5,0.0,2211.55
ORD-0219,2023-03-21 10:21:15.675675,South,Electronics,274.46,1,0.05,260.74
ORD-0220,2023-03-21 19:05:56.756756,North,Electronics,480.23,7,0.0,3361.61
ORD-0221,2023-03-22 03:50:37.837837,East,Clothing,194.05,5,0.0,970.25
ORD-0222,2023-03-22 12:35:18.918918,North,Electronics,889.81,3,0.0,2669.43
ORD-0223,2023-03-22 21:20:00.000000,West,Food & Beverage,23.06,9,0.1,186.79
ORD-0224,2023-03-23 06:04:41.081081,East,Furniture,458.87,1,0.1,412.98
ORD-0225,2023-03-23 14:49:22.162162,South,Electronics,132.89,1,0.0,132.89
ORD-0226,2023-03-23 23:34:03.243243,East,Electronics,897.06,1,0.0,897.06
ORD-0227,2023-03-24 08:18:44.324324,South,Clothing,105.54,3,0.15,269.13
ORD-0228,2023-03-24 17:03:25.405405,East,Clothing,172.02,6,0.0,1032.12
ORD-0229,2023-03-25 01:48:06.486486,East,Food & Beverage,8.83,3,0.1,23.84
ORD-0230,2023-03-25 10:32:47.567567,East,Furniture,578.04,8,0.05,4393.1
ORD-0231,2023-03-25 19:17:28.648648,West,Clothing,25.22,2,0.0,50.44
ORD-0232,2023-03-26 04:02:09.729729,West,Electronics,319.45,9,0.1,2587.54
ORD-0233,2023-03-26 12:46:50.810810,North,Furniture,373.22,3,0.1,1007.69
ORD-0234,2023-03-26 21:31:31.891891,North,Furniture,418.12,5,0.15,1777.01
ORD-0235,2023-03-27 06:16:12.972972,South,Electronics,391.05,8,0.0,3128.4
ORD-0236,2023-03-27 15:00:54.054054,West,Clothing,32.78,2,0.15,55.73
ORD-0237,2023-03-27 23:45:35.135135,South,Electronics,1340.92,6,0.0,8045.52
ORD-0238,2023-03-28 08:30:16.216216,North,Furniture,177.88,5,0.15,755.99
ORD-0239,2023-03-28 17:14:57.297297,South,Sports,181.6,9,0.0,1634.4
ORD-0240,2023-03-29 01:59:38.378378,North,Sports,188.86,5,0.05,897.08
ORD-0241,2023-03-29 10:44:19.459459,West,Food & Beverage,18.51,2,0.05,35.17
ORD-0242,2023-03-29 19:29:00.540540,East,Electronics,896.32,5,0.0,4481.6
ORD-0243,2023-03-30 04:13:41.621621,West,Electronics,808.03,4,0.0,3232.12
ORD-0244,2023-03-30 12:58:22.702702,South,Food & Beverage,37.58,7,0.2,210.45
ORD-0245,2023-03-30 21:43:03.783783,South,Food & Beverage,10.56,6,0.1,57.02
ORD-0246,2023-03-31 06:27:44.864864,West,Food & Beverage,29.5,2,0.1,53.1
ORD-0247,2023-03-31 15:12:25.945945,West,Furniture,173.66,5,0.0,868.3
ORD-0248,2023-03-31 23:57:07.027027,North,Electronics,623.89,7,0.15,3712.15
ORD-0249,2023-04-01 08:41:48.108108,South,Furniture,416.15,7,0.0,2913.05
ORD-0250,2023-04-01 17:26:29.189189,South,Food & Beverage,14.1,5,0.0,70.5
ORD-0251,2023-04-02 02:11:10.270270,West,Electronics,508.46,9,0.15,3889.72
ORD-0252,2023-04-02 10:55:51.351351,East,Furniture,461.04,4,0.15,1567.54
ORD-0253,2023-04-02 19:40:32.432432,South,Furniture,80.62,3,0.0,241.86
ORD-0254,2023-04-03 04:25:13.513513,East,Food & Beverage,19.96,4,0.0,79.84
ORD-0255,2023-04-03 13:09:54.594594,West,Electronics,1497.76,5,0.1,6739.92
ORD-0256,2023-04-03 21:54:35.675675,West,Food & Beverage,39.86,6,0.0,239.16
ORD-0257,2023-04-04 06:39:16.756756,North,Electronics,156.23,3,0.0,468.69
ORD-0258,2023-04-04 15:23:57.837837,South,Sports,70.24,2,0.0,140.48
ORD-0259,2023-04-05 00:08:38.918918,East,Clothing,60.39,4,0.1,217.4
ORD-0260,2023-04-05 08:53:20.000000,North,Clothing,187.32,5,0.0,936.6
ORD-0261,2023-04-05 17:38:01.081081,South,Clothing,177.36,4,0.0,709.44
ORD-0262,2023-04-06 02:22:42.162162,North,Food & Beverage,35.53,3,0.2,85.27
ORD-0263,2023-04-06 11:07:23.243243,West,Sports,115.9,8,0.2,741.76
ORD-0264,2023-04-06 19:52:04.324324,South,Electronics,278.73,4,0.0,1114.92
ORD-0265,2023-04-07 04:36:45.405405,North,Furniture,506.9,2,0.2,811.04
ORD-0266,2023-04-07 13:21:26.486486,North,Electronics,1070.13,2,0.1,1926.23
ORD-0267,2023-04-07 22:06:07.567567,East,Furniture,382.54,1,0.0,382.54
ORD-0268,2023-04-08 06:50:48.648648,North,Electronics,1481.49,4,0.15,5037.07
ORD-0269,2023-04-08 15:35:29.729729,South,Sports,198.96,9,0.0,1790.64
ORD-0270,2023-04-09 00:20:10.810810,South,Furniture,44.38,7,0.0,310.66
ORD-0271,2023-04-09 09:04:51.891891,East,Food & Beverage,33.23,7,0.1,209.35
ORD-0272,2023-04-09 17:49:32.972972,South,Electronics,484.1,7,0.2,2710.96
ORD-0273,2023-04-10 02:34:14.054054,West,Electronics,1011.91,8,0.15,6880.99
ORD-0274,2023-04-10 11:18:55.135135,South,Furniture,565.8,1,0.1,509.22
ORD-0275,2023-04-10 20:03:36.216216,South,Food & Beverage,7.97,8,0.0,63.76
ORD-0276,2023-04-11 04:48:17.297297,North,Food & Beverage,7.27,4,0.05,27.63
ORD-0277,2023-04-11 13:32:58.378378,North,Sports,39.25,4,0.0,157.0
ORD-0278,2023-04-11 22:17:39.459459,South,Food & Beverage,23.47,4,0.05,89.19
ORD-0279,2023-04-12 07:02:20.540540,East,Food & Beverage,13.08,6,0.1,70.63
ORD-0280,2023-04-12 15:47:01.621621,North,Food & Beverage,25.38,7,0.1,159.89
ORD-0281,2023-04-13 00:31:42.702702,East,Clothing,146.35,6,0.1,790.29
ORD-0282,2023-04-13 09:16:23.783783,South,Sports,67.45,1,0.05,64.08
ORD-0283,2023-04-13 18:01:04.864864,South,Electronics,969.65,8,0.1,6981.48
ORD-0284,2023-04-14 02:45:45.945945,West,Furniture,187.83,7,0.0,1314.81
ORD-0285,2023-04-14 11:30:27.027027,North,Electronics,758.37,6,0.1,4095.2
ORD-0286,2023-04-14 20:15:08.108108,South,Sports,272.36,6,0.0,1634.16
ORD-0287,2023-04-15 04:59:49.189189,West,Furniture,513.82,5,0.2,2055.28
ORD-0288,2023-04-15 13:44:30.270270,North,Sports,34.95,6,0.05,199.22
ORD-0289,2023-04-15 22:29:11.351351,South,Food & Beverage,18.67,9,0.0,168.03
ORD-0290,2023-04-16 07:13:52.432432,South,Furniture,194.94,9,0.1,1579.01
ORD-0291,2023-04-16 15:58:33.513513,North,Food & Beverage,3.13,8,0.0,25.04
ORD-0292,2023-04-17 00:43:14.594594,North,Electronics,1168.12,9,0.0,10513.08
ORD-0293,2023-04-17 09:27:55.675675,North,Electronics,973.81,8,0.15,6621.91
ORD-0294,2023-04-17 18:12:36.756756,South,Furniture,186.69,8,0.2,1194.82
ORD-0295,2023-04-18 02:57:17.837837,South,Furniture,455.09,1,0.15,386.83
ORD-0296,2023-04-18 11:41:58.918918,West,Sports,169.09,5,0.1,760.91
ORD-0297,2023-04-18 20:26:40.000000,East,Sports,132.88,4,0.2,425.22
ORD-0298,2023-04-19 05:11:21.081081,North,Food & Beverage,3.36,2,0.2,5.38
ORD-0299,2023-04-19 13:56:02.162162,South,Furniture,82.14,8,0.0,657.12
ORD-0300,2023-04-19 22:40:43.243243,South,Electronics,1330.5,3,0.2,3193.2
ORD-0301,2023-04-20 07:25:24.324324,North,Sports,271.95,4,0.05,1033.41
ORD-0302,2023-04-20 16:10:05.405405,East,Sports,167.31,7,0.0,1171.17
ORD-0303,2023-04-21 00:54:46.486486,North,Electronics,1260.16,9,0.0,11341.44
ORD-0304,2023-04-21 09:39:27.567567,East,Sports,178.09,2,0.0,356.18
ORD-0305,2023-04-21 18:24:08.648648,South,Food & Beverage,8.48,3,0.05,24.17
ORD-0306,2023-04-22 03:08:49.729729,East,Furniture,111.37,4,0.15,378.66
ORD-0307,2023-04-22 11:53:30.810810,West,Electronics,496.97,1,0.0,496.97
ORD-0308,2023-04-22 20:38:11.891891,South,Furniture,543.43,7,0.2,3043.21
ORD-0309,2023-04-23 05:22:52.972972,West,Sports,240.47,2,0.05,456.89
ORD-0310,2023-04-23 14:07:34.054054,North,Sports,259.33,5,0.0,1296.65
ORD-0311,2023-04-23 22:52:15.135135,North,Electronics,1353.44,1,0.1,1218.1
ORD-0312,2023-04-24 07:36:56.216216,North,Food & Beverage,10.77,3,0.0,32.31
ORD-0313,2023-04-24 16:21:37.297297,East,Clothing,57.41,2,0.2,91.86
ORD-0314,2023-04-25 01:06:18.378378,South,Electronics,199.05,1,0.05,189.1
ORD-0315,2023-04-25 09:50:59.459459,North,Clothing,158.22,7,0.05,1052.16
ORD-0316,2023-04-25 18:35:40.540540,North,Clothing,177.99,5,0.0,889.95
ORD-0317,2023-04-26 03:20:21.621621,South,Food & Beverage,18.04,1,0.0,18.04
ORD-0318,2023-04-26 12:05:02.702702,North,Clothing,127.93,6,0.05,729.2
ORD-0319,2023-04-26 20:49:43.783783,West,Clothing,39.37,5,0.0,196.85
ORD-0320,2023-04-27 05:34:24.864864,South,Food & Beverage,37.41,3,0.0,112.23
ORD-0321,2023-04-27 14:19:05.945945,South,Clothing,174.28,7,0.2,975.97
ORD-0322,2023-04-27 23:03:47.027027,South,Clothing,195.48,9,0.0,1759.32
ORD-0323,2023-04-28 07:48:28.108108,West,Clothing,164.05,9,0.2,1181.16
ORD-0324,2023-04-28 16:33:09.189189,South,Electronics,1328.05,9,0.0,11952.45
ORD-0325,2023-04-29 01:17:50.270270,West,Electronics,85.94,2,0.2,137.5
ORD-0326,2023-04-29 10:02:31.351351,South,Electronics,1118.02,3,0.1,3018.65
ORD-0327,2023-04-29 18:47:12.432432,East,Food & Beverage,15.29,7,0.0,107.03
ORD-0328,2023-04-30 03:31:53.513513,North,Sports,279.8,5,0.0,1399.0
ORD-0329,2023-04-30 12:16:34.594594,East,Clothing,162.42,2,0.0,324.84
ORD-0330,2023-04-30 21:01:15.675675,North,Clothing,174.17,3,0.0,522.51
ORD-0331,2023-05-01 05:45:56.756756,West,Food & Beverage,33.0,6,0.0,198.0
ORD-0332,2023-05-01 14:30:37.837837,East,Clothing,60.69,7,0.1,382.35
ORD-0333,2023-05-01 23:15:18.918918,South,Electronics,1191.69,9,0.0,10725.21
ORD-0334,2023-05-02 08:00:00.000000,North,Sports,39.56,1,0.15,33.63
ORD-0335,2023-05-02 16:44:41.081081,North,Furniture,528.41,7,0.0,3698.87
ORD-0336,2023-05-03 01:29:22.162162,East,Clothing,173.13,8,0.0,1385.04
ORD-0337,2023-05-03 10:14:03.243243,West,Electronics,372.53,3,0.15,949.95
ORD-0338,2023-05-03 18:58:44.324324,East,Furniture,497.29,4,0.0,1989.16
ORD-0339,2023-05-04 03:43:25.405405,West,Sports,142.41,6,0.0,854.46
ORD-0340,2023-05-04 12:28:06.486486,West,Furniture,210.91,7,0.2,1181.1
ORD-0341,2023-05-04 21:12:47.567567,North,Electronics,1203.25,4,0.05,4572.35
ORD-0342,2023-05-05 05:57:28.648648,East,Furniture,167.45,8,0.0,1339.6
ORD-0343,2023-05-05 14:42:09.729729,East,Food & Beverage,3.88,5,0.05,18.43
ORD-0344,2023-05-05 23:26:50.810810,West,Furniture,148.15,1,0.15,125.93
ORD-0345,2023-05-06 08:11:31.891891,East,Clothing,72.37,4,0.0,289.48
ORD-0346,2023-05-06 16:56:12.972972,South,Clothing,174.23,3,0.1,470.42
ORD-0347,2023-05-07 01:40:54.054054,South,Food & Beverage,38.77,9,0.0,348.93
ORD-0348,2023-05-07 10:25:35.135135,East,Electronics,454.73,8,0.1,3274.06
ORD-0349,2023-05-07 19:10:16.216216,East,Clothing,131.88,1,0.15,112.1
ORD-0350,2023-05-08 03:54:57.297297,West,Sports,124.71,6,0.0,748.26
ORD-0351,2023-05-08 12:39:38.378378,South,Clothing,196.42,9,0.15,1502.61
ORD-0352,2023-05-08 21:24:19.459459,South,Clothing,111.88,7,0.0,783.16
ORD-0353,2023-05-09 06:09:00.540540,North,Electronics,1411.89,4,0.0,5647.56
ORD-0354,2023-05-09 14:53:41.621621,West,Furniture,104.59,1,0.0,104.59
ORD-0355,2023-05-09 23:38:22.702702,North,Clothing,194.38,2,0.15,330.45
ORD-0356,2023-05-10 08:23:03.783783,South,Food & Beverage,9.61,5,0.05,45.65
ORD-0357,2023-05-10 17:07:44.864864,West,Furniture,579.02,5,0.0,2895.1
ORD-0358,2023-05-11 01:52:25.945945,East,Sports,85.52,8,0.0,684.16
ORD-0359,2023-05-11 10:37:07.027027,West,Electronics,207.18,6,0.0,1243.08
ORD-0360,2023-05-11 19:21:48.108108,East,Sports,134.89,8,0.2,863.3
ORD-0361,2023-05-12 04:06:29.189189,East,Furniture,447.99,2,0.1,806.38
ORD-0362,2023-05-12 12:51:10.270270,West,Furniture,215.66,3,0.2,517.58
ORD-0363,2023-05-12 21:35:51.351351,East,Furniture,379.48,6,0.0,2276.88
ORD-0364,2023-05-13 06:20:32.432432,North,Sports,157.34,3,0.1,424.82
ORD-0365,2023-05-13 15:05:13.513513,South,Furniture,255.71,6,0.1,1380.83
ORD-0366,2023-05-13 23:49:54.594594,East,Sports,176.36,6,0.15,899.44
ORD-0367,2023-05-14 08:34:35.675675,North,Furniture,182.64,2,0.0,365.28
ORD-0368,2023-05-14 17:19:16.756756,East,Food & Beverage,29.23,7,0.2,163.69
ORD-0369,2023-05-15 02:03:57.837837,South,Furniture,40.95,2,0.2,65.52
ORD-0370,2023-05-15 10:48:38.918918,North,Sports,278.27,6,0.0,1669.62
ORD-0371,2023-05-15 19:33:20.000000,South,Clothing,112.31,1,0.2,89.85
ORD-0372,2023-05-16 04:18:01.081081,South,Furniture,442.88,3,0.0,1328.64
ORD-0373,2023-05-16 13:02:42.162162,North,Clothing,150.97,2,0.15,256.65
ORD-0374,2023-05-16 21:47:23.243243,North,Food & Beverage,27.81,7,0.05,184.94
ORD-0375,2023-05-17 06:32:04.324324,North,Electronics,578.12,4,0.1,2081.23
ORD-0376,2023-05-17 15:16:45.405405,West,Food & Beverage,5.59,8,0.15,38.01
ORD-0377,2023-05-18 00:01:26.486486,North,Furniture,411.97,6,0.0,2471.82
ORD-0378,2023-05-18 08:46:07.567567,North,Clothing,72.74,4,0.0,290.96
ORD-0379,2023-05-18 17:30:48.648648,North,Clothing,69.64,5,0.05,330.79
ORD-0380,2023-05-19 02:15:29.729729,North,Sports,255.62,9,0.0,2300.58
ORD-0381,2023-05-19 11:00:10.810810,East,Clothing,146.75,7,0.1,924.52
ORD-0382,2023-05-19 19:44:51.891891,West,Sports,95.69,9,0.2,688.97
ORD-0383,2023-05-20 04:29:32.972972,South,Electronics,498.46,7,0.0,3489.22
ORD-0384,2023-05-20 13:14:14.054054,North,Furniture,268.7,1,0.1,241.83
ORD-0385,2023-05-20 21:58:55.135135,East,Sports,125.5,8,0.15,853.4
ORD-0386,2023-05-21 06:43:36.216216,East,Electronics,478.7,4,0.0,1914.8
ORD-0387,2023-05-21 15:28:17.297297,East,Clothing,34.18,3,0.15,87.16
ORD-0388,2023-05-22 00:12:58.378378,South,Clothing,89.88,7,0.05,597.7
ORD-0389,2023-05-22 08:57:39.459459,North,Electronics,1413.53,3,0.05,4028.56
ORD-0390,2023-05-22 17:42:20.540540,West,Clothing,138.69,8,0.0,1109.52
ORD-0391,2023-05-23 02:27:01.621621,West,Electronics,1359.07,6,0.0,8154.42
ORD-0392,2023-05-23 11:11:42.702702,East,Sports,187.73,5,0.0,938.65
ORD-0393,2023-05-23 19:56:23.783783,South,Sports,95.88,4,0.05,364.34
ORD-0394,2023-05-24 04:41:04.864864,South,Electronics,844.51,8,0.05,6418.28
ORD-0395,2023-05-24 13:25:45.945945,South,Sports,8.12,8,0.2,51.97
ORD-0396,2023-05-24 22:10:27.027027,West,Sports,91.78,1,0.0,91.78
ORD-0397,2023-05-25 06:55:08.108108,East,Sports,133.53,9,0.2,961.42
ORD-0398,2023-05-25 15:39:49.189189,North,Food & Beverage,24.46,5,0.2,97.84
ORD-0399,2023-05-26 00:24:30.270270,West,Furniture,406.64,4,0.0,1626.56
ORD-0400,2023-05-26 09:09:11.351351,East,Clothing,98.35,6,0.0,590.1
ORD-0401,2023-05-26 17:53:52.432432,East,Food & Beverage,19.36,6,0.0,116.16
ORD-0402,2023-05-27 02:38:33.513513,North,Sports,70.4,2,0.0,140.8
ORD-0403,2023-05-27 11:23:14.594594,North,Electronics,736.12,8,0.15,5005.62
ORD-0404,2023-05-27 20:07:55.675675,North,Sports,271.14,7,0.05,1803.08
ORD-0405,2023-05-28 04:52:36.756756,South,Furniture,485.77,1,0.05,461.48
ORD-0406,2023-05-28 13:37:17.837837,North,Sports,57.55,5,0.0,287.75
ORD-0407,2023-05-28 22:21:58.918918,East,Electronics,172.95,6,0.2,830.16
ORD-0408,2023-05-29 07:06:40.000000,North,Furniture,328.65,4,0.0,1314.6
ORD-0409,2023-05-29 15:51:21.081081,East,Sports,192.82,2,0.05,366.36
ORD-0410,2023-05-30 00:36:02.162162,West,Furniture,227.71,4,0.1,819.76
ORD-0411,2023-05-30 09:20:43.243243,South,Clothing,165.5,1,0.2,132.4
ORD-0412,2023-05-30 18:05:24.324324,West,Clothing,152.72,7,0.05,1015.59
ORD-0413,2023-05-31 02:50:05.405405,West,Sports,204.46,2,0.1,368.03
ORD-0414,2023-05-31 11:34:46.486486,East,Furniture,165.8,2,0.0,331.6
ORD-0415,2023-05-31 20:19:27.567567,West,Electronics,338.74,9,0.0,3048.66
ORD-0416,2023-06-01 05:04:08.648648,East,Sports,15.13,5,0.2,60.52
ORD-0417,2023-06-01 13:48:49.729729,North,Clothing,56.52,2,0.05,107.39
ORD-0418,2023-06-01 22:33:30.810810,North,Clothing,100.28,9,0.0,902.52
ORD-0419,2023-06-02 07:18:11.891891,East,Sports,256.12,9,0.1,2074.57
ORD-0420,2023-06-02 16:02:52.972972,North,Furniture,80.78,1,0.0,80.78
ORD-0421,2023-06-03 00:47:34.054054,South,Clothing,88.74,3,0.05,252.91
ORD-0422,2023-06-03 09:32:15.135135,West,Furniture,392.67,4,0.0,1570.68
ORD-0423,2023-06-03 18:16:56.216216,South,Clothing,46.94,7,0.05,312.15
ORD-0424,2023-06-04 03:01:37.297297,West,Clothing,142.31,4,0.0,569.24
ORD-0425,2023-06-04 11:46:18.378378,North,Food & Beverage,21.29,2,0.0,42.58
ORD-0426,2023-06-04 20:30:59.459459,South,Clothing,56.36,7,0.2,315.62
ORD-0427,2023-06-05 05:15:40.540540,North,Electronics,1001.28,6,0.2,4806.14
ORD-0428,2023-06-05 14:00:21.621621,West,Sports,9.62,3,0.0,28.86
ORD-0429,2023-06-05 22:45:02.702702,East,Sports,227.28,6,0.15,1159.13
ORD-0430,2023-06-06 07:29:43.783783,East,Furniture,471.23,6,0.0,2827.38
ORD-0431,2023-06-06 16:14:24.864864,South,Clothing,30.25,5,0.0,151.25
ORD-0432,2023-06-07 00:59:05.945945,North,Electronics,666.46,4,0.0,2665.84
ORD-0433,2023-06-07 09:43:47.027027,North,Furniture,138.5,1,0.15,117.72
ORD-0434,2023-06-07 18:28:28.108108,South,Food & Beverage,38.44,6,0.1,207.58
ORD-0435,2023-06-08 03:13:09.189189,East,Furniture,330.06,2,0.0,660.12
ORD-0436,2023-06-08 11:57:50.270270,West,Furniture,68.12,3,0.05,194.14
ORD-0437,2023-06-08 20:42:31.351351,South,Clothing,57.35,8,0.05,435.86
ORD-0438,2023-06-09 05:27:12.432432,West,Food & Beverage,34.39,6,0.15,175.39
ORD-0439,2023-06-09 14:11:53.513513,East,Furniture,295.62,3,0.0,886.86
ORD-0440,2023-06-09 22:56:34.594594,North,Electronics,1212.05,7,0.2,6787.48
ORD-0441,2023-06-10 07:41:15.675675,East,Electronics,1017.99,4,0.05,3868.36
ORD-0442,2023-06-10 16:25:56.756756,South,Sports,296.46,9,0.0,2668.14
ORD-0443,2023-06-11 01:10:37.837837,North,Food & Beverage,25.03,5,0.1,112.64
ORD-0444,2023-06-11 09:55:18.918918,South,Food & Beverage,38.15,3,0.0,114.45
ORD-0445,2023-06-11 18:40:00.000000,South,Sports,268.3,2,0.1,482.94
ORD-0446,2023-06-12 03:24:41.081081,East,Furniture,383.09,2,0.15,651.25
ORD-0447,2023-06-12 12:09:22.162162,South,Food & Beverage,29.61,3,0.0,88.83
ORD-0448,2023-06-12 20:54:03.243243,East,Electronics,781.93,2,0.0,1563.86
ORD-0449,2023-06-13 05:38:44.324324,North,Electronics,1254.33,4,0.0,5017.32
ORD-0450,2023-06-13 14:23:25.405405,East,Clothing,114.1,2,0.1,205.38
ORD-0451,2023-06-13 23:08:06.486486,North,Food & Beverage,36.2,9,0.05,309.51
ORD-0452,2023-06-14 07:52:47.567567,East,Furniture,456.45,2,0.0,912.9
ORD-0453,2023-06-14 16:37:28.648648,West,Sports,146.6,9,0.0,1319.4
ORD-0454,2023-06-15 01:22:09.729729,West,Sports,83.68,6,0.15,426.77
ORD-0455,2023-06-15 10:06:50.810810,South,Furniture,178.45,1,0.15,151.68
ORD-0456,2023-06-15 18:51:31.891891,East,Clothing,131.16,4,0.0,524.64
ORD-0457,2023-06-16 03:36:12.972972,East,Sports,231.62,1,0.0,231.62
ORD-0458,2023-06-16 12:20:54.054054,North,Food & Beverage,22.29,6,0.0,133.74
ORD-0459,2023-06-16 21:05:35.135135,South,Clothing,129.08,4,0.0,516.32
ORD-0460,2023-06-17 05:50:16.216216,East,Food & Beverage,13.16,3,0.0,39.48
ORD-0461,2023-06-17 14:34:57.297297,South,Electronics,162.35,3,0.15,413.99
ORD-0462,2023-06-17 23:19:38.378378,West,Clothing,64.29,9,0.0,578.61
ORD-0463,2023-06-18 08:04:19.459459,East,Sports,87.34,6,0.1,471.64
ORD-0464,2023-06-18 16:49:00.540540,East,Clothing,70.74,9,0.2,509.33
ORD-0465,2023-06-19 01:33:41.621621,South,Clothing,112.63,5,0.1,506.84
ORD-0466,2023-06-19 10:18:22.702702,East,Clothing,36.29,2,0.15,61.69
ORD-0467,2023-06-19 19:03:03.783783,South,Clothing,53.94,8,0.0,431.52
ORD-0468,2023-06-20 03:47:44.864864,East,Food & Beverage,28.68,5,0.1,129.06
ORD-0469,2023-06-20 12:32:25.945945,North,Electronics,1074.31,2,0.0,2148.62
ORD-0470,2023-06-20 21:17:07.027027,South,Furniture,75.97,4,0.1,273.49
ORD-0471,2023-06-21 06:01:48.108108,East,Clothing,87.44,9,0.1,708.26
ORD-0472,2023-06-21 14:46:29.189189,West,Sports,166.44,4,0.0,665.76
ORD-0473,2023-06-21 23:31:10.270270,East,Clothing,89.0,4,0.05,338.2
ORD-0474,2023-06-22 08:15:51.351351,West,Sports,68.4,2,0.1,123.12
ORD-0475,2023-06-22 17:00:32.432432,West,Food & Beverage,18.55,6,0.0,111.3
ORD-0476,2023-06-23 01:45:13.513513,North,Sports,272.21,2,0.2,435.54
ORD-0477,2023-06-23 10:29:54.594594,South,Furniture,367.08,7,0.15,2184.13
ORD-0478,2023-06-23 19:14:35.675675,East,Electronics,1058.51,3,0.05,3016.75
ORD-0479,2023-06-24 03:59:16.756756,North,Sports,258.17,3,0.0,774.51
ORD-0480,2023-06-24 12:43:57.837837,East,Sports,231.55,5,0.05,1099.86
ORD-0481,2023-06-24 21:28:38.918918,West,Electronics,601.55,3,0.0,1804.65
ORD-0482,2023-06-25 06:13:20.000000,South,Furniture,43.3,2,0.0,86.6
ORD-0483,2023-06-25 14:58:01.081081,East,Clothing,76.83,9,0.1,622.32
ORD-0484,2023-06-25 23:42:42.162162,East,Sports,228.01,2,0.1,410.42
ORD-0485,2023-06-26 08:27:23.243243,West,Electronics,1287.5,2,0.0,2575.0
ORD-0486,2023-06-26 17:12:04.324324,East,Food & Beverage,38.28,8,0.2,244.99
ORD-0487,2023-06-27 01:56:45.405405,East,Electronics,657.58,9,0.15,5030.49
ORD-0488,2023-06-27 10:41:26.486486,West,Food & Beverage,30.66,7,0.05,203.89
ORD-0489,2023-06-27 19:26:07.567567,North,Furniture,345.83,3,0.0,1037.49
ORD-0490,2023-06-28 04:10:48.648648,West,Clothing,124.62,9,0.1,1009.42
ORD-0491,2023-06-28 12:55:29.729729,North,Electronics,369.78,3,0.15,942.94
ORD-0492,2023-06-28 21:40:10.810810,South,Sports,72.07,5,0.05,342.33
ORD-0493,2023-06-29 06:24:51.891891,North,Furniture,284.07,9,0.1,2300.97
ORD-0494,2023-06-29 15:09:32.972972,North,Electronics,92.09,3,0.1,248.64
ORD-0495,2023-06-29 23:54:14.054054,South,Sports,106.15,7,0.0,743.05
ORD-0496,2023-06-30 08:38:55.135135,North,Electronics,1034.76,1,0.0,1034.76
ORD-0497,2023-06-30 17:23:36.216216,West,Food & Beverage,17.96,4,0.1,64.66
ORD-0498,2023-07-01 02:08:17.297297,North,Electronics,289.31,4,0.0,1157.24
ORD-0499,2023-07-01 10:52:58.378378,South,Electronics,727.72,7,0.1,4584.64
ORD-0500,2023-07-01 19:37:39.459459,West,Electronics,235.06,8,0.15,1598.41
ORD-0501,2023-07-02 04:22:20.540540,South,Furniture,388.46,1,0.1,349.61
ORD-0502,2023-07-02 13:07:01.621621,South,Electronics,89.1,5,0.0,445.5
ORD-0503,2023-07-02 21:51:42.702702,East,Sports,123.05,7,0.2,689.08
ORD-0504,2023-07-03 06:36:23.783783,East,Food & Beverage,23.88,4,0.0,95.52
ORD-0505,2023-07-03 15:21:04.864864,South,Food & Beverage,4.0,4,0.0,16.0
ORD-0506,2023-07-04 00:05:45.945945,South,Electronics,981.99,4,0.0,3927.96
ORD-0507,2023-07-04 08:50:27.027027,South,Furniture,115.99,6,0.0,695.94
ORD-0508,2023-07-04 17:35:08.108108,East,Furniture,298.55,7,0.1,1880.86
ORD-0509,2023-07-05 02:19:49.189189,East,Sports,22.68,2,0.0,45.36
ORD-0510,2023-07-05 11:04:30.270270,North,Electronics,599.7,5,0.0,2998.5
ORD-0511,2023-07-05 19:49:11.351351,North,Food & Beverage,10.83,4,0.0,43.32
ORD-0512,2023-07-06 04:33:52.432432,South,Furniture,223.03,3,0.1,602.18
ORD-0513,2023-07-06 13:18:33.513513,West,Electronics,1153.78,7,0.15,6864.99
ORD-0514,2023-07-06 22:03:14.594594,West,Furniture,252.31,6,0.2,1211.09
ORD-0515,2023-07-07 06:47:55.675675,East,Furniture,461.13,7,0.05,3066.51
ORD-0516,2023-07-07 15:32:36.756756,East,Food & Beverage,33.78,5,0.1,152.01
ORD-0517,2023-07-08 00:17:17.837837,East,Clothing,57.93,6,0.05,330.2
ORD-0518,2023-07-08 09:01:58.918918,South,Sports,31.92,5,0.0,159.6
ORD-0519,2023-07-08 17:46:40.000000,West,Sports,13.66,7,0.2,76.5
ORD-0520,2023-07-09 02:31:21.081081,North,Food & Beverage,22.96,2,0.05,43.62
ORD-0521,2023-07-09 11:16:02.162162,South,Furniture,599.95,5,0.0,2999.75
ORD-0522,2023-07-09 20:00:43.243243,North,Electronics,557.44,6,0.0,3344.64
ORD-0523,2023-07-10 04:45:24.324324,North,Furniture,404.08,6,0.05,2303.26
ORD-0524,2023-07-10 13:30:05.405405,South,Food & Beverage,31.91,5,0.2,127.64
ORD-0525,2023-07-10 22:14:46.486486,North,Sports,198.31,7,0.1,1249.35
ORD-0526,2023-07-11 06:59:27.567567,West,Furniture,462.37,8,0.0,3698.96
ORD-0527,2023-07-11 15:44:08.648648,North,Sports,285.29,7,0.1,1797.33
ORD-0528,2023-07-12 00:28:49.729729,West,Electronics,339.07,5,0.2,1356.28
ORD-0529,2023-07-12 09:13:30.810810,West,Sports,13.95,1,0.0,13.95
ORD-0530,2023-07-12 17:58:11.891891,West,Sports,52.5,5,0.0,262.5
ORD-0531,2023-07-13 02:42:52.972972,East,Clothing,33.98,2,0.05,64.56
ORD-0532,2023-07-13 11:27:34.054054,North,Clothing,137.2,5,0.0,686.0
ORD-0533,2023-07-13 20:12:15.135135,South,Clothing,117.15,5,0.1,527.18
ORD-0534,2023-07-14 04:56:56.216216,South,Sports,71.65,2,0.0,143.3
ORD-0535,2023-07-14 13:41:37.297297,North,Food & Beverage,28.88,5,0.0,144.4
ORD-0536,2023-07-14 22:26:18.378378,East,Sports,231.93,4,0.05,881.33
ORD-0537,2023-07-15 07:10:59.459459,East,Food & Beverage,9.21,1,0.0,9.21
ORD-0538,2023-07-15 15:55:40.540540,West,Food & Beverage,25.47,3,0.15,64.95
ORD-0539,2023-07-16 00:40:21.621621,North,Clothing,152.11,1,0.0,152.11
ORD-0540,2023-07-16 09:25:02.702702,North,Furniture,104.14,5,0.0,520.7
ORD-0541,2023-07-16 18:09:43.783783,South,Electronics,1237.99,4,0.0,4951.96
ORD-0542,2023-07-17 02:54:24.864864,North,Clothing,193.3,7,0.1,1217.79
ORD-0543,2023-07-17 11:39:05.945945,East,Clothing,30.54,5,0.2,122.16
ORD-0544,2023-07-17 20:23:47.027027,North,Furniture,54.38,4,0.1,195.77
ORD-0545,2023-07-18 05:08:28.108108,South,Electronics,502.34,2,0.05,954.45
ORD-0546,2023-07-18 13:53:09.189189,West,Sports,205.79,4,0.1,740.84
ORD-0547,2023-07-18 22:37:50.270270,South,Sports,287.79,2,0.0,575.58
ORD-0548,2023-07-19 07:22:31.351351,South,Clothing,85.36,8,0.1,614.59
ORD-0549,2023-07-19 16:07:12.432432,West,Electronics,1086.77,3,0.05,3097.29
ORD-0550,2023-07-20 00:51:53.513513,South,Clothing,24.44,9,0.15,186.97
ORD-0551,2023-07-20 09:36:34.594594,South,Food & Beverage,28.55,4,0.0,114.2
ORD-0552,2023-07-20 18:21:15.675675,North,Clothing,129.18,6,0.2,620.06
ORD-0553,2023-07-21 03:05:56.756756,North,Clothing,29.36,5,0.0,146.8
ORD-0554,2023-07-21 11:50:37.837837,West,Sports,233.56,1,0.1,210.2
ORD-0555,2023-07-21 20:35:18.918918,North,Sports,256.29,9,0.0,2306.61
ORD-0556,2023-07-22 05:20:00.000000,North,Sports,183.32,1,0.0,183.32
ORD-0557,2023-07-22 14:04:41.081081,South,Food & Beverage,7.48,8,0.15,50.86
ORD-0558,2023-07-22 22:49:22.162162,East,Sports,295.28,9,0.1,2391.77
ORD-0559,2023-07-23 07:34:03.243243,North,Electronics,1184.82,9,0.2,8530.7
ORD-0560,2023-07-23 16:18:44.324324,East,Furniture,234.43,1,0.05,222.71
ORD-0561,2023-07-24 01:03:25.405405,North,Electronics,671.15,2,0.15,1140.96
ORD-0562,2023-07-24 09:48:06.486486,North,Electronics,587.33,1,0.1,528.6
ORD-0563,2023-07-24 18:32:47.567567,West,Sports,155.74,2,0.15,264.76
ORD-0564,2023-07-25 03:17:28.648648,West,Furniture,231.09,8,0.0,1848.72
ORD-0565,2023-07-25 12:02:09.729729,West,Furniture,515.76,5,0.2,2063.04
ORD-0566,2023-07-25 20:46:50.810810,East,Furniture,500.51,7,0.05,3328.39
ORD-0567,2023-07-26 05:31:31.891891,South,Food & Beverage,6.9,2,0.1,12.42
ORD-0568,2023-07-26 14:16:12.972972,North,Sports,288.55,8,0.0,2308.4
ORD-0569,2023-07-26 23:00:54.054054,North,Furniture,395.93,6,0.05,2256.8
ORD-0570,2023-07-27 07:45:35.135135,North,Food & Beverage,33.66,8,0.0,269.28
ORD-0571,2023-07-27 16:30:16.216216,East,Clothing,144.39,1,0.15,122.73
ORD-0572,2023-07-28 01:14:57.297297,West,Clothing,92.74,1,0.0,92.74
ORD-0573,2023-07-28 09:59:38.378378,South,Food & Beverage,30.15,7,0.05,200.5
ORD-0574,2023-07-28 18:44:19.459459,East,Food & Beverage,38.72,8,0.15,263.3
ORD-0575,2023-07-29 03:29:00.540540,West,Sports,86.86,3,0.0,260.58
ORD-0576,2023-07-29 12:13:41.621621,East,Sports,243.99,5,0.0,1219.95
ORD-0577,2023-07-29 20:58:22.702702,South,Clothing,112.25,1,0.0,112.25
ORD-0578,2023-07-30 05:43:03.783783,West,Furniture,310.76,7,0.0,2175.32
ORD-0579,2023-07-30 14:27:44.864864,East,Clothing,92.76,5,0.05,440.61
ORD-0580,2023-07-30 23:12:25.945945,South,Furniture,449.37,8,0.05,3415.21
ORD-0581,2023-07-31 07:57:07.027027,North,Furniture,190.3,8,0.05,1446.28
ORD-0582,2023-07-31 16:41:48.108108,South,Sports,256.7,9,0.15,1963.75
ORD-0583,2023-08-01 01:26:29.189189,North,Electronics,1254.56,7,0.2,7025.54
ORD-0584,2023-08-01 10:11:10.270270,East,Electronics,175.66,1,0.2,140.53
ORD-0585,2023-08-01 18:55:51.351351,West,Food & Beverage,35.62,3,0.0,106.86
ORD-0586,2023-08-02 03:40:32.432432,West,Sports,79.21,8,0.05,602.0
ORD-0587,2023-08-02 12:25:13.513513,East,Furniture,300.24,3,0.15,765.61
ORD-0588,2023-08-02 21:09:54.594594,West,Electronics,934.98,8,0.0,7479.84
ORD-0589,2023-08-03 05:54:35.675675,West,Furniture,252.23,1,0.0,252.23
ORD-0590,2023-08-03 14:39:16.756756,North,Electronics,91.61,5,0.15,389.34
ORD-0591,2023-08-03 23:23:57.837837,East,Electronics,1283.88,4,0.2,4108.42
ORD-0592,2023-08-04 08:08:38.918918,South,Electronics,313.67,5,0.2,1254.68
ORD-0593,2023-08-04 16:53:20.000000,North,Sports,69.94,8,0.0,559.52
ORD-0594,2023-08-05 01:38:01.081081,East,Clothing,161.59,4,0.0,646.36
ORD-0595,2023-08-05 10:22:42.162162,North,Furniture,230.59,4,0.0,922.36
ORD-0596,2023-08-05 19:07:23.243243,South,Sports,265.05,3,0.0,795.15
ORD-0597,2023-08-06 03:52:04.324324,South,Sports,212.75,7,0.0,1489.25
ORD-0598,2023-08-06 12:36:45.405405,East,Sports,88.67,3,0.0,266.01
ORD-0599,2023-08-06 21:21:26.486486,South,Sports,10.96,3,0.0,32.88
ORD-0600,2023-08-07 06:06:07.567567,North,Sports,284.83,5,0.1,1281.73
ORD-0601,2023-08-07 14:50:48.648648,South,Food & Beverage,6.17,5,0.15,26.22
ORD-0602,2023-08-07 23:35:29.729729,North,Furniture,443.24,6,0.0,2659.44
ORD-0603,2023-08-08 08:20:10.810810,North,Sports,150.66,8,0.0,1205.28
ORD-0604,2023-08-08 17:04:51.891891,South,Furniture,464.57,6,0.05,2648.05
ORD-0605,2023-08-09 01:49:32.972972,East,Food & Beverage,28.55,1,0.0,28.55
ORD-0606,2023-08-09 10:34:14.054054,West,Food & Beverage,26.9,8,0.2,172.16
ORD-0607,2023-08-09 19:18:55.135135,South,Furniture,314.86,8,0.2,2015.1
ORD-0608,2023-08-10 04:03:36.216216,North,Electronics,1199.75,9,0.2,8638.2
ORD-0609,2023-08-10 12:48:17.297297,North,Clothing,27.68,9,0.05,236.66
ORD-0610,2023-08-10 21:32:58.378378,South,Electronics,371.31,2,0.2,594.1
ORD-0611,2023-08-11 06:17:39.459459,East,Electronics,1053.09,2,0.1,1895.56
ORD-0612,2023-08-11 15:02:20.540540,East,Electronics,494.0,3,0.0,1482.0
ORD-0613,2023-08-11 23:47:01.621621,North,Sports,177.81,1,0.2,142.25
ORD-0614,2023-08-12 08:31:42.702702,North,Food & Beverage,20.51,4,0.0,82.04
ORD-0615,2023-08-12 17:16:23.783783,East,Electronics,819.84,4,0.05,3115.39
ORD-0616,2023-08-13 02:01:04.864864,West,Food & Beverage,18.74,9,0.1,151.79
ORD-0617,2023-08-13 10:45:45.945945,South,Furniture,457.72,9,0.0,4119.48
ORD-0618,2023-08-13 19:30:27.027027,North,Clothing,72.85,9,0.0,655.65
ORD-0619,2023-08-14 04:15:08.108108,North,Furniture,433.6,7,0.0,3035.2
ORD-0620,2023-08-14 12:59:49.189189,East,Furniture,191.71,2,0.0,383.42
ORD-0621,2023-08-14 21:44:30.270270,South,Sports,81.41,5,0.0,407.05
ORD-0622,2023-08-15 06:29:11.351351,East,Clothing,32.92,4,0.2,105.34
ORD-0623,2023-08-15 15:13:52.432432,South,Furniture,147.85,8,0.15,1005.38
ORD-0624,2023-08-15 23:58:33.513513,South,Furniture,106.95,2,0.0,213.9
ORD-0625,2023-08-16 08:43:14.594594,South,Clothing,111.81,6,0.0,670.86
ORD-0626,2023-08-16 17:27:55.675675,North,Clothing,154.82,5,0.1,696.69
ORD-0627,2023-08-17 02:12:36.756756,West,Furniture,143.68,2,0.1,258.62
ORD-0628,2023-08-17 10:57:17.837837,East,Clothing,51.11,1,0.2,40.89
ORD-0629,2023-08-17 19:41:58.918918,West,Furniture,311.15,8,0.15,2115.82
ORD-0630,2023-08-18 04:26:40.000000,East,Furniture,445.77,2,0.1,802.39
ORD-0631,2023-08-18 13:11:21.081081,South,Sports,293.17,7,0.2,1641.75
ORD-0632,2023-08-18 21:56:02.162162,North,Electronics,810.72,9,0.2,5837.18
ORD-0633,2023-08-19 06:40:43.243243,West,Furniture,198.48,9,0.0,1786.32
ORD-0634,2023-08-19 15:25:24.324324,North,Food & Beverage,6.72,8,0.15,45.7
ORD-0635,2023-08-20 00:10:05.405405,East,Electronics,331.47,9,0.1,2684.91
ORD-0636,2023-08-20 08:54:46.486486,North,Electronics,379.85,2,0.15,645.74
ORD-0637,2023-08-20 17:39:27.567567,North,Electronics,310.19,6,0.0,1861.14
ORD-0638,2023-08-21 02:24:08.648648,West,Sports,12.13,4,0.0,48.52
ORD-0639,2023-08-21 11:08:49.729729,South,Furniture,339.12,4,0.15,1153.01
ORD-0640,2023-08-21 19:53:30.810810,North,Sports,88.1,5,0.0,440.5
ORD-0641,2023-08-22 04:38:11.891891,South,Furniture,585.61,3,0.0,1756.83
ORD-0642,2023-08-22 13:22:52.972972,East,Sports,169.58,1,0.15,144.14
ORD-0643,2023-08-22 22:07:34.054054,North,Sports,211.65,8,0.1,1523.88
ORD-0644,2023-08-23 06:52:15.135135,West,Food & Beverage,7.67,5,0.05,36.43
ORD-0645,2023-08-23 15:36:56.216216,East,Sports,261.59,3,0.0,784.77
ORD-0646,2023-08-24 00:21:37.297297,East,Clothing,103.27,7,0.0,722.89
ORD-0647,2023-08-24 09:06:18.378378,West,Food & Beverage,35.29,7,0.0,247.03
ORD-0648,2023-08-24 17:50:59.459459,North,Sports,175.63,1,0.15,149.29
ORD-0649,2023-08-25 02:35:40.540540,North,Electronics,730.63,9,0.0,6575.67
ORD-0650,2023-08-25 11:20:21.621621,East,Clothing,93.69,2,0.15,159.27
ORD-0651,2023-08-25 20:05:02.702702,North,Clothing,45.03,5,0.2,180.12
ORD-0652,2023-08-26 04:49:43.783783,South,Clothing,19.76,5,0.0,98.8
ORD-0653,2023-08-26 13:34:24.864864,West,Food & Beverage,37.82,8,0.0,302.56
ORD-0654,2023-08-26 22:19:05.945945,South,Sports,147.5,8,0.0,1180.0
ORD-0655,2023-08-27 07:03:47.027027,North,Sports,248.06,7,0.0,1736.42
ORD-0656,2023-08-27 15:48:28.108108,East,Electronics,631.03,7,0.0,4417.21
ORD-0657,2023-08-28 00:33:09.189189,West,Electronics,157.42,6,0.2,755.62
ORD-0658,2023-08-28 09:17:50.270270,North,Clothing,129.59,6,0.15,660.91
ORD-0659,2023-08-28 18:02:31.351351,North,Electronics,127.73,9,0.2,919.66
ORD-0660,2023-08-29 02:47:12.432432,East,Food & Beverage,8.52,6,0.0,51.12
ORD-0661,2023-08-29 11:31:53.513513,East,Sports,172.35,2,0.0,344.7
ORD-0662,2023-08-29 20:16:34.594594,South,Clothing,67.73,2,0.05,128.69
ORD-0663,2023-08-30 05:01:15.675675,West,Electronics,1491.18,5,0.0,7455.9
ORD-0664,2023-08-30 13:45:56.756756,West,Food & Beverage,7.38,4,0.1,26.57
ORD-0665,2023-08-30 22:30:37.837837,East,Food & Beverage,31.28,2,0.0,62.56
ORD-0666,2023-08-31 07:15:18.918918,South,Electronics,929.16,3,0.2,2229.98
ORD-0667,2023-08-31 16:00:00.000000,West,Sports,238.9,7,0.1,1505.07
ORD-0668,2023-09-01 00:44:41.081081,East,Electronics,377.25,8,0.1,2716.2
ORD-0669,2023-09-01 09:29:22.162162,North,Clothing,109.29,6,0.1,590.17
ORD-0670,2023-09-01 18:14:03.243243,West,Electronics,703.25,5,0.05,3340.44
ORD-0671,2023-09-02 02:58:44.324324,South,Food & Beverage,19.38,1,0.0,19.38
ORD-0672,2023-09-02 11:43:25.405405,South,Electronics,1297.24,8,0.2,8302.34
ORD-0673,2023-09-02 20:28:06.486486,South,Sports,297.09,3,0.0,891.27
ORD-0674,2023-09-03 05:12:47.567567,North,Furniture,211.01,6,0.05,1202.76
ORD-0675,2023-09-03 13:57:28.648648,West,Electronics,950.49,3,0.0,2851.47
ORD-0676,2023-09-03 22:42:09.729729,West,Sports,186.01,7,0.0,1302.07
ORD-0677,2023-09-04 07:26:50.810810,North,Sports,224.11,7,0.2,1255.02
ORD-0678,2023-09-04 16:11:31.891891,West,Food & Beverage,38.06,9,0.2,274.03
ORD-0679,2023-09-05 00:56:12.972972,North,Sports,68.67,5,0.0,343.35
ORD-0680,2023-09-05 09:40:54.054054,North,Sports,69.62,8,0.0,556.96
ORD-0681,2023-09-05 18:25:35.135135,North,Sports,200.85,8,0.15,1365.78
ORD-0682,2023-09-06 03:10:16.216216,South,Sports,53.86,1,0.15,45.78
ORD-0683,2023-09-06 11:54:57.297297,West,Clothing,43.02,5,0.05,204.34
ORD-0684,2023-09-06 20:39:38.378378,North,Clothing,24.26,3,0.15,61.86
ORD-0685,2023-09-07 05:24:19.459459,West,Food & Beverage,3.1,1,0.2,2.48
ORD-0686,2023-09-07 14:09:00.540540,South,Electronics,703.23,4,0.15,2390.98
ORD-0687,2023-09-07 22:53:41.621621,North,Sports,181.39,8,0.0,1451.12
ORD-0688,2023-09-08 07:38:22.702702,East,Electronics,472.33,3,0.0,1416.99
ORD-0689,2023-09-08 16:23:03.783783,South,Electronics,385.64,2,0.0,771.28
ORD-0690,2023-09-09 01:07:44.864864,East,Food & Beverage,29.16,9,0.15,223.07
ORD-0691,2023-09-09 09:52:25.945945,West,Sports,213.27,5,0.05,1013.03
ORD-0692,2023-09-09 18:37:07.027027,West,Sports,140.58,7,0.1,885.65
ORD-0693,2023-09-10 03:21:48.108108,South,Furniture,424.94,2,0.1,764.89
ORD-0694,2023-09-10 12:06:29.189189,West,Electronics,1389.67,9,0.0,12507.03
ORD-0695,2023-09-10 20:51:10.270270,East,Electronics,1192.35,9,0.1,9658.04
ORD-0696,2023-09-11 05:35:51.351351,North,Clothing,128.76,4,0.1,463.54
ORD-0697,2023-09-11 14:20:32.432432,North,Furniture,410.26,4,0.0,1641.04
ORD-0698,2023-09-11 23:05:13.513513,North,Clothing,187.4,6,0.0,1124.4
ORD-0699,2023-09-12 07:49:54.594594,South,Clothing,90.78,6,0.15,462.98
ORD-0700,2023-09-12 16:34:35.675675,West,Clothing,113.47,1,0.0,113.47
ORD-0701,2023-09-13 01:19:16.756756,East,Food & Beverage,26.96,9,0.0,242.64
ORD-0702,2023-09-13 10:03:57.837837,West,Food & Beverage,36.61,2,0.2,58.58
ORD-0703,2023-09-13 18:48:38.918918,West,Clothing,167.06,5,0.0,835.3
ORD-0704,2023-09-14 03:33:20.000000,West,Furniture,79.99,9,0.0,719.91
ORD-0705,2023-09-14 12:18:01.081081,North,Electronics,290.59,4,0.05,1104.24
ORD-0706,2023-09-14 21:02:42.162162,East,Furniture,212.26,3,0.15,541.26
ORD-0707,2023-09-15 05:47:23.243243,East,Sports,226.7,7,0.05,1507.55
ORD-0708,2023-09-15 14:32:04.324324,West,Food & Beverage,24.06,6,0.0,144.36
ORD-0709,2023-09-15 23:16:45.405405,North,Electronics,468.49,8,0.0,3747.92
ORD-0710,2023-09-16 08:01:26.486486,North,Electronics,230.31,3,0.0,690.93
ORD-0711,2023-09-16 16:46:07.567567,East,Sports,209.09,5,0.1,940.91
ORD-0712,2023-09-17 01:30:48.648648,North,Sports,212.32,4,0.2,679.42
ORD-0713,2023-09-17 10:15:29.729729,North,Clothing,189.11,4,0.2,605.15
ORD-0714,2023-09-17 19:00:10.810810,North,Food & Beverage,21.52,4,0.05,81.78
ORD-0715,2023-09-18 03:44:51.891891,South,Food & Beverage,21.27,8,0.0,170.16
ORD-0716,2023-09-18 12:29:32.972972,West,Furniture,85.05,6,0.2,408.24
ORD-0717,2023-09-18 21:14:14.054054,East,Clothing,17.57,3,0.0,52.71
ORD-0718,2023-09-19 05:58:55.135135,East,Clothing,92.09,5,0.2,368.36
ORD-0719,2023-09-19 14:43:36.216216,South,Clothing,71.24,6,0.15,363.32
ORD-0720,2023-09-19 23:28:17.297297,West,Clothing,57.57,5,0.15,244.67
ORD-0721,2023-09-20 08:12:58.378378,East,Food & Beverage,6.38,6,0.2,30.62
ORD-0722,2023-09-20 16:57:39.459459,North,Food & Beverage,38.59,8,0.0,308.72
ORD-0723,2023-09-21 01:42:20.540540,East,Clothing,168.83,7,0.15,1004.54
ORD-0724,2023-09-21 10:27:01.621621,North,Furniture,362.11,5,0.1,1629.5
ORD-0725,2023-09-21 19:11:42.702702,South,Electronics,1428.64,6,0.2,6857.47
ORD-0726,2023-09-22 03:56:23.783783,North,Electronics,1499.38,4,0.1,5397.77
ORD-0727,2023-09-22 12:41:04.864864,East,Furniture,416.48,9,0.2,2998.66
ORD-0728,2023-09-22 21:25:45.945945,East,Clothing,61.21,4,0.0,244.84
ORD-0729,2023-09-23 06:10:27.027027,East,Food & Beverage,4.49,1,0.0,4.49
ORD-0730,2023-09-23 14:55:08.108108,South,Electronics,1146.59,7,0.0,8026.13
ORD-0731,2023-09-23 23:39:49.189189,South,Sports,145.39,7,0.15,865.07
ORD-0732,2023-09-24 08:24:30.270270,West,Sports,198.24,4,0.1,713.66
ORD-0733,2023-09-24 17:09:11.351351,East,Furniture,553.0,3,0.1,1493.1
ORD-0734,2023-09-25 01:53:52.432432,North,Clothing,44.48,8,0.1,320.26
ORD-0735,2023-09-25 10:38:33.513513,South,Electronics,898.73,5,0.0,4493.65
ORD-0736,2023-09-25 19:23:14.594594,East,Clothing,130.61,7,0.1,822.84
ORD-0737,2023-09-26 04:07:55.675675,East,Electronics,763.0,4,0.0,3052.0
ORD-0738,2023-09-26 12:52:36.756756,South,Furniture,91.1,4,0.0,364.4
ORD-0739,2023-09-26 21:37:17.837837,West,Furniture,234.86,8,0.0,1878.88
ORD-0740,2023-09-27 06:21:58.918918,South,Sports,105.33,8,0.15,716.24
ORD-0741,2023-09-27 15:06:40.000000,South,Clothing,137.33,2,0.2,219.73
ORD-0742,2023-09-27 23:51:21.081081,North,Sports,258.46,2,0.0,516.92
ORD-0743,2023-09-28 08:36:02.162162,North,Clothing,72.66,3,0.2,174.38
ORD-0744,2023-09-28 17:20:43.243243,West,Sports,210.55,3,0.2,505.32
ORD-0745,2023-09-29 02:05:24.324324,East,Food & Beverage,13.66,1,0.15,11.61
ORD-0746,2023-09-29 10:50:05.405405,South,Food & Beverage,37.97,3,0.0,113.91
ORD-0747,2023-09-29 19:34:46.486486,West,Food & Beverage,33.1,6,0.0,198.6
ORD-0748,2023-09-30 04:19:27.567567,North,Food & Beverage,23.35,8,0.05,177.46
ORD-0749,2023-09-30 13:04:08.648648,South,Electronics,709.5,6,0.15,3618.45
ORD-0750,2023-09-30 21:48:49.729729,East,Food & Beverage,14.64,5,0.05,69.54
ORD-0751,2023-10-01 06:33:30.810810,North,Furniture,221.03,4,0.05,839.91
ORD-0752,2023-10-01 15:18:11.891891,North,Furniture,583.3,3,0.0,1749.9
ORD-0753,2023-10-02 00:02:52.972972,North,Electronics,636.05,4,0.15,2162.57
ORD-0754,2023-10-02 08:47:34.054054,West,Food & Beverage,22.04,7,0.0,154.28
ORD-0755,2023-10-02 17:32:15.135135,East,Food & Beverage,39.56,1,0.05,37.58
ORD-0756,2023-10-03 02:16:56.216216,South,Food & Beverage,27.33,7,0.15,162.61
ORD-0757,2023-10-03 11:01:37.297297,West,Sports,166.44,1,0.05,158.12
ORD-0758,2023-10-03 19:46:18.378378,West,Clothing,88.52,2,0.1,159.34
ORD-0759,2023-10-04 04:30:59.459459,West,Sports,62.77,4,0.2,200.86
ORD-0760,2023-10-04 13:15:40.540540,North,Clothing,78.74,1,0.15,66.93
ORD-0761,2023-10-04 22:00:21.621621,East,Food & Beverage,30.99,9,0.15,237.07
ORD-0762,2023-10-05 06:45:02.702702,West,Food & Beverage,26.14,6,0.2,125.47
ORD-0763,2023-10-05 15:29:43.783783,South,Sports,229.92,1,0.05,218.42
ORD-0764,2023-10-06 00:14:24.864864,East,Sports,67.44,1,0.1,60.7
ORD-0765,2023-10-06 08:59:05.945945,South,Clothing,114.35,6,0.0,686.1
ORD-0766,2023-10-06 17:43:47.027027,East,Furniture,559.5,4,0.2,1790.4
ORD-0767,2023-10-07 02:28:28.108108,South,Clothing,93.24,4,0.0,372.96
ORD-0768,2023-10-07 11:13:09.189189,North,Sports,211.89,6,0.05,1207.77
ORD-0769,2023-10-07 19:57:50.270270,West,Sports,43.46,7,0.2,243.38
ORD-0770,2023-10-08 04:42:31.351351,South,Electronics,1461.06,9,0.2,10519.63
ORD-0771,2023-10-08 13:27:12.432432,East,Sports,185.79,5,0.15,789.61
ORD-0772,2023-10-08 22:11:53.513513,West,Electronics,396.98,9,0.0,3572.82
ORD-0773,2023-10-09 06:56:34.594594,West,Furniture,128.69,4,0.0,514.76
ORD-0774,2023-10-09 15:41:15.675675,East,Clothing,114.66,2,0.0,229.32
ORD-0775,2023-10-10 00:25:56.756756,South,Clothing,114.93,3,0.2,275.83
ORD-0776,2023-10-10 09:10:37.837837,North,Electronics,185.15,1,0.0,185.15
ORD-0777,2023-10-10 17:55:18.918918,North,Clothing,198.53,6,0.0,1191.18
ORD-0778,2023-10-11 02:40:00.000000,South,Sports,274.58,6,0.05,1565.11
ORD-0779,2023-10-11 11:24:41.081081,West,Food & Beverage,20.07,1,0.0,20.07
ORD-0780,2023-10-11 20:09:22.162162,West,Electronics,220.33,3,0.2,528.79
ORD-0781,2023-10-12 04:54:03.243243,West,Clothing,168.11,5,0.0,840.55
ORD-0782,2023-10-12 13:38:44.324324,West,Electronics,772.64,3,0.2,1854.34
ORD-0783,2023-10-12 22:23:25.405405,South,Electronics,1089.07,3,0.0,3267.21
ORD-0784,2023-10-13 07:08:06.486486,West,Food & Beverage,21.83,3,0.0,65.49
ORD-0785,2023-10-13 15:52:47.567567,East,Sports,87.84,5,0.1,395.28
ORD-0786,2023-10-14 00:37:28.648648,West,Electronics,1260.35,5,0.0,6301.75
ORD-0787,2023-10-14 09:22:09.729729,North,Clothing,196.25,4,0.0,785.0
ORD-0788,2023-10-14 18:06:50.810810,West,Furniture,176.49,1,0.15,150.02
ORD-0789,2023-10-15 02:51:31.891891,South,Electronics,849.33,5,0.15,3609.65
ORD-0790,2023-10-15 11:36:12.972972,North,Electronics,606.2,5,0.0,3031.0
ORD-0791,2023-10-15 20:20:54.054054,South,Food & Beverage,37.11,4,0.2,118.75
ORD-0792,2023-10-16 05:05:35.135135,South,Sports,156.41,6,0.0,938.46
ORD-0793,2023-10-16 13:50:16.216216,North,Furniture,532.42,4,0.0,2129.68
ORD-0794,2023-10-16 22:34:57.297297,South,Clothing,174.17,7,0.15,1036.31
ORD-0795,2023-10-17 07:19:38.378378,South,Furniture,194.7,7,0.1,1226.61
ORD-0796,2023-10-17 16:04:19.459459,West,Clothing,160.1,2,0.05,304.19
ORD-0797,2023-10-18 00:49:00.540540,East,Sports,129.16,3,0.0,387.48
ORD-0798,2023-10-18 09:33:41.621621,South,Clothing,187.51,1,0.1,168.76
ORD-0799,2023-10-18 18:18:22.702702,South,Food & Beverage,21.79,8,0.05,165.6
ORD-0800,2023-10-19 03:03:03.783783,South,Food & Beverage,33.36,9,0.0,300.24
ORD-0801,2023-10-19 11:47:44.864864,West,Food & Beverage,13.47,4,0.0,53.88
ORD-0802,2023-10-19 20:32:25.945945,East,Food & Beverage,14.05,6,0.0,84.3
ORD-0803,2023-10-20 05:17:07.027027,North,Furniture,368.69,9,0.0,3318.21
ORD-0804,2023-10-20 14:01:48.108108,West,Sports,299.68,6,0.0,1798.08
ORD-0805,2023-10-20 22:46:29.189189,West,Clothing,103.03,9,0.0,927.27
ORD-0806,2023-10-21 07:31:10.270270,East,Clothing,38.23,4,0.0,152.92
ORD-0807,2023-10-21 16:15:51.351351,East,Food & Beverage,22.93,8,0.0,183.44
ORD-0808,2023-10-22 01:00:32.432432,West,Food & Beverage,15.77,9,0.05,134.83
ORD-0809,2023-10-22 09:45:13.513513,North,Electronics,850.28,4,0.05,3231.06
ORD-0810,2023-10-22 18:29:54.594594,West,Sports,166.68,5,0.05,791.73
ORD-0811,2023-10-23 03:14:35.675675,East,Furniture,294.99,8,0.0,2359.92
ORD-0812,2023-10-23 11:59:16.756756,North,Clothing,71.14,6,0.2,341.47
ORD-0813,2023-10-23 20:43:57.837837,East,Electronics,323.55,7,0.0,2264.85
ORD-0814,2023-10-24 05:28:38.918918,North,Electronics,1061.37,3,0.1,2865.7
ORD-0815,2023-10-24 14:13:20.000000,South,Clothing,118.64,7,0.0,830.48
ORD-0816,2023-10-24 22:58:01.081081,East,Furniture,170.79,8,0.0,1366.32
ORD-0817,2023-10-25 07:42:42.162162,East,Electronics,1174.54,6,0.15,5990.15
ORD-0818,2023-10-25 16:27:23.243243,West,Electronics,113.29,9,0.05,968.63
ORD-0819,2023-10-26 01:12:04.324324,East,Sports,225.45,6,0.0,1352.7
ORD-0820,2023-10-26 09:56:45.405405,East,Furniture,434.93,9,0.1,3522.93
ORD-0821,2023-10-26 18:41:26.486486,South,Electronics,1226.54,4,0.0,4906.16
ORD-0822,2023-10-27 03:26:07.567567,East,Furniture,256.2,8,0.0,2049.6
ORD-0823,2023-10-27 12:10:48.648648,South,Clothing,136.1,4,0.2,435.52
ORD-0824,2023-10-27 20:55:29.729729,South,Food & Beverage,33.37,2,0.0,66.74
ORD-0825,2023-10-28 05:40:10.810810,South,Electronics,1472.19,9,0.1,11924.74
ORD-0826,2023-10-28 14:24:51.891891,South,Sports,152.64,5,0.0,763.2
ORD-0827,2023-10-28 23:09:32.972972,North,Clothing,17.03,4,0.05,64.71
ORD-0828,2023-10-29 07:54:14.054054,West,Furniture,321.28,2,0.0,642.56
ORD-0829,2023-10-29 16:38:55.135135,North,Clothing,122.13,1,0.0,122.13
ORD-0830,2023-10-30 01:23:36.216216,East,Electronics,1311.07,7,0.2,7341.99
ORD-0831,2023-10-30 10:08:17.297297,North,Furniture,529.55,6,0.0,3177.3
ORD-0832,2023-10-30 18:52:58.378378,North,Food & Beverage,19.29,2,0.2,30.86
ORD-0833,2023-10-31 03:37:39.459459,East,Clothing,109.93,8,0.2,703.55
ORD-0834,2023-10-31 12:22:20.540540,East,Electronics,712.55,4,0.1,2565.18
ORD-0835,2023-10-31 21:07:01.621621,East,Sports,218.95,8,0.1,1576.44
ORD-0836,2023-11-01 05:51:42.702702,North,Furniture,269.59,7,0.0,1887.13
ORD-0837,2023-11-01 14:36:23.783783,North,Clothing,134.41,5,0.1,604.84
ORD-0838,2023-11-01 23:21:04.864864,East,Clothing,39.33,8,0.1,283.18
ORD-0839,2023-11-02 08:05:45.945945,West,Food & Beverage,20.37,9,0.0,183.33
ORD-0840,2023-11-02 16:50:27.027027,West,Food & Beverage,38.86,5,0.05,184.58
ORD-0841,2023-11-03 01:35:08.108108,South,Sports,106.86,5,0.0,534.3
ORD-0842,2023-11-03 10:19:49.189189,East,Sports,210.27,2,0.0,420.54
ORD-0843,2023-11-03 19:04:30.270270,South,Electronics,992.26,5,0.05,4713.23
ORD-0844,2023-11-04 03:49:11.351351,West,Electronics,1285.06,3,0.2,3084.14
ORD-0845,2023-11-04 12:33:52.432432,South,Sports,256.88,7,0.0,1798.16
ORD-0846,2023-11-04 21:18:33.513513,East,Sports,258.93,5,0.15,1100.45
ORD-0847,2023-11-05 06:03:14.594594,East,Furniture,252.81,8,0.0,2022.48
ORD-0848,2023-11-05 14:47:55.675675,East,Food & Beverage,14.72,1,0.1,13.25
ORD-0849,2023-11-05 23:32:36.756756,North,Electronics,1092.14,3,0.05,3112.6
ORD-0850,2023-11-06 08:17:17.837837,South,Food & Beverage,31.1,3,0.0,93.3
ORD-0851,2023-11-06 17:01:58.918918,West,Food & Beverage,35.28,9,0.0,317.52
ORD-0852,2023-11-07 01:46:40.000000,West,Sports,18.48,5,0.05,87.78
ORD-0853,2023-11-07 10:31:21.081081,West,Furniture,78.32,9,0.1,634.39
ORD-0854,2023-11-07 19:16:02.162162,North,Clothing,129.92,9,0.0,1169.28
ORD-0855,2023-11-08 04:00:43.243243,North,Furniture,555.72,1,0.0,555.72
ORD-0856,2023-11-08 12:45:24.324324,East,Furniture,598.56,2,0.1,1077.41
ORD-0857,2023-11-08 21:30:05.405405,West,Food & Beverage,30.63,5,0.15,130.18
ORD-0858,2023-11-09 06:14:46.486486,North,Furniture,283.02,4,0.2,905.66
ORD-0859,2023-11-09 14:59:27.567567,East,Electronics,192.74,9,0.05,1647.93
ORD-0860,2023-11-09 23:44:08.648648,West,Food & Beverage,26.45,7,0.0,185.15
ORD-0861,2023-11-10 08:28:49.729729,South,Electronics,1315.24,6,0.0,7891.44
ORD-0862,2023-11-10 17:13:30.810810,East,Clothing,94.3,7,0.2,528.08
ORD-0863,2023-11-11 01:58:11.891891,North,Food & Beverage,28.68,1,0.0,28.68
ORD-0864,2023-11-11 10:42:52.972972,North,Clothing,181.65,1,0.15,154.4
ORD-0865,2023-11-11 19:27:34.054054,East,Food & Beverage,4.7,8,0.0,37.6
ORD-0866,2023-11-12 04:12:15.135135,East,Sports,240.47,2,0.05,456.89
ORD-0867,2023-11-12 12:56:56.216216,North,Furniture,204.29,9,0.0,1838.61
ORD-0868,2023-11-12 21:41:37.297297,South,Sports,117.45,7,0.05,781.04
ORD-0869,2023-11-13 06:26:18.378378,West,Clothing,37.66,6,0.2,180.77
ORD-0870,2023-11-13 15:10:59.459459,South,Furniture,337.45,1,0.0,337.45
ORD-0871,2023-11-13 23:55:40.540540,East,Food & Beverage,23.94,1,0.1,21.55
ORD-0872,2023-11-14 08:40:21.621621,South,Furniture,483.81,2,0.0,967.62
ORD-0873,2023-11-14 17:25:02.702702,North,Electronics,296.48,6,0.1,1600.99
ORD-0874,2023-11-15 02:09:43.783783,East,Furniture,84.22,6,0.1,454.79
ORD-0875,2023-11-15 10:54:24.864864,West,Electronics,1312.72,2,0.05,2494.17
ORD-0876,2023-11-15 19:39:05.945945,North,Furniture,387.04,1,0.2,309.63
ORD-0877,2023-11-16 04:23:47.027027,North,Electronics,399.2,5,0.0,1996.0
ORD-0878,2023-11-16 13:08:28.108108,West,Clothing,183.44,5,0.0,917.2
ORD-0879,2023-11-16 21:53:09.189189,West,Sports,49.79,2,0.0,99.58
ORD-0880,2023-11-17 06:37:50.270270,South,Food & Beverage,20.06,6,0.15,102.31
ORD-0881,2023-11-17 15:22:31.351351,East,Furniture,182.23,9,0.0,1640.07
ORD-0882,2023-11-18 00:07:12.432432,West,Sports,82.56,2,0.15,140.35
ORD-0883,2023-11-18 08:51:53.513513,West,Food & Beverage,3.35,2,0.15,5.7
ORD-0884,2023-11-18 17:36:34.594594,East,Food & Beverage,32.77,3,0.0,98.31
ORD-0885,2023-11-19 02:21:15.675675,West,Electronics,1356.75,7,0.05,9022.39
ORD-0886,2023-11-19 11:05:56.756756,West,Clothing,138.75,6,0.1,749.25
ORD-0887,2023-11-19 19:50:37.837837,South,Clothing,40.02,8,0.2,256.13
ORD-0888,2023-11-20 04:35:18.918918,North,Sports,136.99,8,0.1,986.33
ORD-0889,2023-11-20 13:20:00.000000,North,Clothing,75.66,6,0.1,408.56
ORD-0890,2023-11-20 22:04:41.081081,North,Furniture,369.04,3,0.0,1107.12
ORD-0891,2023-11-21 06:49:22.162162,North,Clothing,131.4,3,0.0,394.2
ORD-0892,2023-11-21 15:34:03.243243,West,Sports,131.9,1,0.2,105.52
ORD-0893,2023-11-22 00:18:44.324324,East,Clothing,57.52,7,0.05,382.51
ORD-0894,2023-11-22 09:03:25.405405,East,Furniture,513.37,5,0.0,2566.85
ORD-0895,2023-11-22 17:48:06.486486,South,Electronics,338.86,4,0.0,1355.44
ORD-0896,2023-11-23 02:32:47.567567,South,Sports,120.33,4,0.05,457.25
ORD-0897,2023-11-23 11:17:28.648648,West,Electronics,750.65,4,0.15,2552.21
ORD-0898,2023-11-23 20:02:09.729729,East,Electronics,393.95,6,0.05,2245.52
ORD-0899,2023-11-24 04:46:50.810810,East,Electronics,879.29,8,0.05,6682.6
ORD-0900,2023-11-24 13:31:31.891891,North,Food & Beverage,24.27,8,0.1,174.74
ORD-0901,2023-11-24 22:16:12.972972,West,Food & Beverage,39.73,5,0.05,188.72
ORD-0902,2023-11-25 07:00:54.054054,West,Electronics,478.08,6,0.15,2438.21
ORD-0903,2023-11-25 15:45:35.135135,North,Sports,293.56,4,0.15,998.1
ORD-0904,2023-11-26 00:30:16.216216,West,Furniture,408.61,9,0.0,3677.49
ORD-0905,2023-11-26 09:14:57.297297,West,Furniture,193.71,8,0.05,1472.2
ORD-0906,2023-11-26 17:59:38.378378,South,Clothing,117.53,1,0.1,105.78
ORD-0907,2023-11-27 02:44:19.459459,East,Sports,208.25,2,0.05,395.67
ORD-0908,2023-11-27 11:29:00.540540,West,Food & Beverage,30.55,9,0.0,274.95
ORD-0909,2023-11-27 20:13:41.621621,South,Electronics,121.11,8,0.0,968.88
ORD-0910,2023-11-28 04:58:22.702702,East,Clothing,125.22,3,0.1,338.09
ORD-0911,2023-11-28 13:43:03.783783,North,Furniture,318.17,8,0.0,2545.36
ORD-0912,2023-11-28 22:27:44.864864,South,Food & Beverage,36.45,1,0.0,36.45
ORD-0913,2023-11-29 07:12:25.945945,South,Food & Beverage,13.59,4,0.15,46.21
ORD-0914,2023-11-29 15:57:07.027027,East,Electronics,1208.35,3,0.15,3081.29
ORD-0915,2023-11-30 00:41:48.108108,North,Furniture,379.96,6,0.0,2279.76
ORD-0916,2023-11-30 09:26:29.189189,South,Sports,110.88,7,0.1,698.54
ORD-0917,2023-11-30 18:11:10.270270,West,Food & Beverage,26.55,4,0.05,100.89
ORD-0918,2023-12-01 02:55:51.351351,West,Electronics,950.29,7,0.2,5321.62
ORD-0919,2023-12-01 11:40:32.432432,West,Sports,205.91,9,0.1,1667.87
ORD-0920,2023-12-01 20:25:13.513513,North,Furniture,443.72,2,0.0,887.44
ORD-0921,2023-12-02 05:09:54.594594,South,Food & Beverage,27.39,3,0.15,69.84
ORD-0922,2023-12-02 13:54:35.675675,West,Sports,252.79,5,0.1,1137.56
ORD-0923,2023-12-02 22:39:16.756756,North,Sports,191.45,3,0.1,516.92
ORD-0924,2023-12-03 07:23:57.837837,West,Sports,271.79,8,0.15,1848.17
ORD-0925,2023-12-03 16:08:38.918918,East,Food & Beverage,26.91,8,0.0,215.28
ORD-0926,2023-12-04 00:53:20.000000,South,Food & Beverage,14.43,8,0.15,98.12
ORD-0927,2023-12-04 09:38:01.081081,South,Clothing,93.76,9,0.0,843.84
ORD-0928,2023-12-04 18:22:42.162162,North,Furniture,364.56,4,0.05,1385.33
ORD-0929,2023-12-05 03:07:23.243243,North,Electronics,1111.92,5,0.15,4725.66
ORD-0930,2023-12-05 11:52:04.324324,South,Sports,34.32,5,0.0,171.6
ORD-0931,2023-12-05 20:36:45.405405,West,Clothing,66.07,8,0.0,528.56
ORD-0932,2023-12-06 05:21:26.486486,West,Electronics,1133.85,7,0.0,7936.95
ORD-0933,2023-12-06 14:06:07.567567,East,Clothing,43.37,9,0.0,390.33
ORD-0934,2023-12-06 22:50:48.648648,West,Food & Beverage,7.89,8,0.2,50.5
ORD-0935,2023-12-07 07:35:29.729729,North,Sports,165.51,2,0.15,281.37
ORD-0936,2023-12-07 16:20:10.810810,North,Electronics,1458.66,4,0.0,5834.64
ORD-0937,2023-12-08 01:04:51.891891,West,Electronics,819.74,6,0.05,4672.52
ORD-0938,2023-12-08 09:49:32.972972,North,Electronics,1374.56,2,0.15,2336.75
ORD-0939,2023-12-08 18:34:14.054054,South,Electronics,1254.19,7,0.05,8340.36
ORD-0940,2023-12-09 03:18:55.135135,South,Electronics,422.61,3,0.1,1141.05
ORD-0941,2023-12-09 12:03:36.216216,West,Clothing,166.69,3,0.0,500.07
ORD-0942,2023-12-09 20:48:17.297297,South,Sports,148.7,2,0.0,297.4
ORD-0943,2023-12-10 05:32:58.378378,South,Food & Beverage,32.84,8,0.05,249.58
ORD-0944,2023-12-10 14:17:39.459459,East,Food & Beverage,30.62,6,0.0,183.72
ORD-0945,2023-12-10 23:02:20.540540,East,Food & Beverage,15.53,1,0.05,14.75
ORD-0946,2023-12-11 07:47:01.621621,South,Food & Beverage,7.26,1,0.0,7.26
ORD-0947,2023-12-11 16:31:42.702702,West,Clothing,192.95,7,0.15,1148.05
ORD-0948,2023-12-12 01:16:23.783783,East,Furniture,118.82,8,0.0,950.56
ORD-0949,2023-12-12 10:01:04.864864,North,Sports,290.22,5,0.05,1378.54
ORD-0950,2023-12-12 18:45:45.945945,North,Electronics,1297.2,5,0.2,5188.8
ORD-0951,2023-12-13 03:30:27.027027,North,Furniture,445.56,4,0.05,1693.13
ORD-0952,2023-12-13 12:15:08.108108,West,Food & Beverage,39.26,6,0.2,188.45
ORD-0953,2023-12-13 20:59:49.189189,South,Furniture,581.67,6,0.0,3490.02
ORD-0954,2023-12-14 05:44:30.270270,North,Sports,242.94,3,0.05,692.38
ORD-0955,2023-12-14 14:29:11.351351,West,Electronics,580.37,9,0.0,5223.33
ORD-0956,2023-12-14 23:13:52.432432,East,Electronics,1196.49,7,0.05,7956.66
ORD-0957,2023-12-15 07:58:33.513513,South,Sports,12.06,1,0.0,12.06
ORD-0958,2023-12-15 16:43:14.594594,East,Sports,164.68,7,0.15,979.85
ORD-0959,2023-12-16 01:27:55.675675,West,Food & Beverage,19.83,5,0.1,89.24
ORD-0960,2023-12-16 10:12:36.756756,North,Electronics,1025.6,5,0.0,5128.0
ORD-0961,2023-12-16 18:57:17.837837,North,Furniture,416.51,2,0.0,833.02
ORD-0962,2023-12-17 03:41:58.918918,West,Clothing,121.07,4,0.2,387.42
ORD-0963,2023-12-17 12:26:40.000000,North,Clothing,166.26,6,0.15,847.93
ORD-0964,2023-12-17 21:11:21.081081,South,Sports,282.57,7,0.0,1977.99
ORD-0965,2023-12-18 05:56:02.162162,West,Food & Beverage,7.01,5,0.0,35.05
ORD-0966,2023-12-18 14:40:43.243243,East,Clothing,54.43,9,0.1,440.88
ORD-0967,2023-12-18 23:25:24.324324,West,Electronics,86.29,3,0.15,220.04
ORD-0968,2023-12-19 08:10:05.405405,South,Sports,266.2,1,0.2,212.96
ORD-0969,2023-12-19 16:54:46.486486,South,Furniture,354.39,4,0.1,1275.8
ORD-0970,2023-12-20 01:39:27.567567,West,Sports,275.25,9,0.0,2477.25
ORD-0971,2023-12-20 10:24:08.648648,West,Furniture,163.97,4,0.0,655.88
ORD-0972,2023-12-20 19:08:49.729729,North,Sports,26.46,2,0.2,42.34
ORD-0973,2023-12-21 03:53:30.810810,South,Sports,248.57,5,0.0,1242.85
ORD-0974,2023-12-21 12:38:11.891891,West,Sports,273.54,3,0.2,656.5
ORD-0975,2023-12-21 21:22:52.972972,West,Furniture,209.23,9,0.05,1788.92
ORD-0976,2023-12-22 06:07:34.054054,South,Furniture,268.65,4,0.0,1074.6
ORD-0977,2023-12-22 14:52:15.135135,West,Sports,48.81,6,0.15,248.93
ORD-0978,2023-12-22 23:36:56.216216,North,Clothing,189.79,2,0.05,360.6
ORD-0979,2023-12-23 08:21:37.297297,South,Food & Beverage,14.26,6,0.0,85.56
ORD-0980,2023-12-23 17:06:18.378378,North,Food & Beverage,21.23,3,0.1,57.32
ORD-0981,2023-12-24 01:50:59.459459,North,Food & Beverage,6.6,9,0.05,56.43
ORD-0982,2023-12-24 10:35:40.540540,North,Furniture,536.87,2,0.1,966.37
ORD-0983,2023-12-24 19:20:21.621621,North,Furniture,115.97,9,0.2,834.98
ORD-0984,2023-12-25 04:05:02.702702,South,Clothing,96.19,5,0.05,456.9
ORD-0985,2023-12-25 12:49:43.783783,North,Food & Beverage,27.81,8,0.2,177.98
ORD-0986,2023-12-25 21:34:24.864864,North,Food & Beverage,30.5,2,0.0,61.0
ORD-0987,2023-12-26 06:19:05.945945,West,Sports,284.22,6,0.0,1705.32
ORD-0988,2023-12-26 15:03:47.027027,South,Furniture,274.71,3,0.0,824.13
ORD-0989,2023-12-26 23:48:28.108108,South,Food & Beverage,30.46,5,0.0,152.3
ORD-0990,2023-12-27 08:33:09.189189,East,Clothing,39.36,8,0.2,251.9
ORD-0991,2023-12-27 17:17:50.270270,South,Clothing,88.83,1,0.0,88.83
ORD-0992,2023-12-28 02:02:31.351351,South,Food & Beverage,6.66,5,0.1,29.97
ORD-0993,2023-12-28 10:47:12.432432,East,Furniture,314.03,3,0.15,800.78
ORD-0994,2023-12-28 19:31:53.513513,South,Clothing,87.54,4,0.0,350.16
ORD-0995,2023-12-29 04:16:34.594594,South,Sports,285.84,2,0.05,543.1
ORD-0996,2023-12-29 13:01:15.675675,South,Clothing,16.22,9,0.0,145.98
ORD-0997,2023-12-29 21:45:56.756756,South,Electronics,587.27,3,0.1,1585.63
ORD-0998,2023-12-30 06:30:37.837837,East,Electronics,692.91,2,0.0,1385.82
ORD-0999,2023-12-30 15:15:18.918918,South,Furniture,572.31,9,0.1,4635.71
ORD-1000,2023-12-31 00:00:00.000000,South,Food & Beverage,34.65,7,0.0,242.55
